title,code,url,credits,mandatory,level,semester,faculty,freechoice,description,required_by,prerequisites_list,corequisites_list
First Year Team Project,COMP10120,https://assets-dev.manchester.ac.uk/cpip/phase-2/ug/2026/unit/?unitcode=COMP10120,20,Mandatory,1,Full year,Department of Computer Science,False,"In this course, you will explore both the technical and professional foundations of computer science, learning how to build web applications while developing skills that are essential for working in teams and solving real-world problems. Core technical topics •    How the web works, including the structure of websites and how browsers communicate with servers •    Creating web pages using HTML for structure and CSS for layout and visual design •    Writing interactive web content using JavaScript •    Storing and retrieving data using databases •    Building server-side applications using Serverside Technologies •    Working with APIs to access and use data from external services •    Basic principles of web security and how to protect applications and data •    Version control and deployment, including how to manage and share code safely Project and practical skills •    Planning, designing, and building a data-driven web application as part of a team •    Using tools and workflows commonly used in software development •    Testing, improving, and presenting your work Teamwork and professional skills •    Working effectively in a team, including organising tasks, managing time, and resolving issues •    Communicating ideas clearly through presentations, posters, and written reports •    Understanding intellectual property, ethics, and professional responsibilities in computing •    Considering equality, diversity, and inclusion in team and project work Learning and reflection •    Developing independent learning skills and confidence in learning new technologies •    Reflecting on your progress, strengths, and areas for improvement •    Writing short reflective and technical reports to explain what you have learned By the end of the course, you will have practical experience of building a real web application, along with the teamwork, communication, and problem-solving skills needed for the rest of your degree and a future career in computing.",,,
Mathematical Techniques for Computer Science,COMP11120,https://assets-dev.manchester.ac.uk/cpip/phase-2/ug/2026/unit/?unitcode=COMP11120,20,Mandatory,1,Full year,Department of Computer Science,False,"This course covers the fundamental mathematics required by Computer Science students in order to successfully complete the reminder of their courses as well as for a career in computer science. Specifically the unit aims to   •    introduce mathematical notions relevant to computer science and their applications;   •    illustrate how abstraction allows the formulation and proof of properties for real-world and computational phenomena, and enable students to apply this technique;   •    give an understanding and some practice in the fundamental notion of proof.   Underlying everything we do on this unit is the idea that we need to provide formal definitions of concepts, which then enable us to rigorously establish properties of these. At the start we introduce this new way of engaging with mathematics by studying notions already familiar to students, such as functions or operations such as addition of numbers in this style. Further topics covered include logic, probability, recursion and induction, relations, vectors, matrices and transformations.","COMP11212,COMP21111,COMP24011,COMP24112,COMP31311,COMP34111,COMP34612,COMP36111,COMP36212,COMP37212",,
Fundamentals of Computation,COMP11212,https://assets-dev.manchester.ac.uk/cpip/phase-2/ug/2026/unit/?unitcode=COMP11212,10,Mandatory,1,Semester 2,Department of Computer Science,True,"The building of real-life computing systems, e.g. mobile phone, TV/video remote control, internet shopping, air-traffic control, internet banking, etc., is always a complex task. Mistakes can be not just annoying, but also costly and sometimes life threatening. Formal methods and techniques to support the building and understanding of such systems are essential. This course unit provides the basic computer science ideas underlying such methods. It introduces mathematical models that allow the description, verification, and analysis of computing systems and their limitations.",COMP36111,MATH11121,COMP11120
Fundamentals of Computer Engineering,COMP12111,https://assets-dev.manchester.ac.uk/cpip/phase-2/ug/2026/unit/?unitcode=COMP12111,10,Mandatory,1,Semester 1,Department of Computer Science,True,"In this course you will learn about the design of electronic systems from simple digital circuits to the design of a simple processor. The major emphasis is on practical design work, the taught material is supported by practical laboratory exercises where you get to put the concepts you have learnt into practice. The syllabus is as follows: 1.    Introduction to logic  Digital signals, data representation, Boolean logic and functions, De Morgan’s theorem, logic gates, multiplexers, binary arithmetic, abstraction & hierarchy, clocks, sequential systems. 2.    Computer Aided Design (CAD)  Complexity and design – the need for CAD tools, testing & simulation. 3.    Hardware description languages  SystemVerilog - Introduction to SystemVerilog, assignments, module structure, design of combinatorial and sequential circuits in SystemVerilog. 4.    Register Transfer Level (RTL) Design  The synchronous paradigm, introduction to sequential systems, RTL view of design, the register, datapath and control, 5.    Finite State Machines (FSM)  Introduction to the FSM, state transition diagrams, state transition tables, implementation in SystemVerilog. 6.    Processor Design  Overview of the three-box model: CPU, Memory, I/O, processor operation, instruction execution – fetch/decode/execute – and the sequencing of actions, program counter, instruction register, condition code register. Introduction to MU0 - instruction set and operation, arithmetic logic unit (ALU) design and critical path, design of the MU0 datapath and control in SystemVerilog. 7.    Memory  Von Neumann and Harvard architecture, tri-state buffers, memory map, address decoding schemes – one dimensional and two-dimensional, memory architectures, address decoders. Memory hierarchy and relationship between speed, cost and capacity, cache, SRAM, DRAM, ROM, Flash, HDD and optical storage. Memory in SystemVerilog. 8.    Input and output  The I/O interface, communication and I/O devices, parallel and serial communications, polling and interrupts, implementing and servicing interrupts, direct memory access, universal serial bus (USB),",COMP22111,,
Data Science,COMP13212,https://assets-dev.manchester.ac.uk/cpip/phase-2/ug/2026/unit/?unitcode=COMP13212,10,Mandatory,1,Semester 2,,True,"This course unit has two objectives. The first is to introduce the student to a range of fundamental, non-trivial algotithms, and to the techniques required to analyse their correctness and running-time. The second is to present a conceptual framework for analysing the intrinsic complexity of computational problems, which abstracts away from details of particular algorithms.","COMP24011,COMP34111,COMP34612",,
Fundamentals of Computer Architecture,COMP15111,https://assets-dev.manchester.ac.uk/cpip/phase-2/ug/2026/unit/?unitcode=COMP15111,10,Mandatory,1,Semester 1,Department of Computer Science,True,"The module introduces fundamental concepts involved in Computer Architecture, which is the study and design of Computer Systems. Among others, the module discusses: •    how to talk about computer systems, •    how to think about computer systems, •    how are computers structured, •    what is the language that computers natively speak, •    how programs are executed by the hardware, •    how to make programs faster and smaller,   •    how data (whether numbers, text, colours, or polygons) are represented in hardware using only binary digits,   •    how high-level program structures (like loops, functions, and objects) are translated into operations the computer understands,   •    how to build complex systems out of the simple operations provided by the computer, and •    what is the system software that allows us to run high-level programs   Understanding the Fundamentals of Computer Architecture is essential for being able to reason about what exactly happens when we run a program. This is critical not only for students who are interested in hardware and low-level software, but also to any software developer who wants to be able to produce high performing programs and/or work across multiple software stack layers. In particular, business, finance, scientific programming, and AI frameworks rely on programmers that understand how programs actually work.","COMP22712,COMP25212",,
Operating Systems,COMP15212,https://assets-dev.manchester.ac.uk/cpip/phase-2/ug/2026/unit/?unitcode=COMP15212,10,Mandatory,1,Semester 2,Department of Computer Science,True,An operating system is typically the 'lowest' layer of software in a computer. It provides an abstracted interface so that applications can run on diverse hardware without modification and it provides security which prevents misbehaving software from crashing the hardware or disturbing other tasks which may be running simultaneously. This course unit provides an introduction to the major principles of implementation of an operating system and some experience in how these features may be exploited by the 'higher' software layers.,COMP28112,,
Introduction to Programming 1,COMP16321,https://assets-dev.manchester.ac.uk/cpip/phase-2/ug/2026/unit/?unitcode=COMP16321,20,Mandatory,1,Semester 1,Department of Computer Science,False,"Programming is a core skill in the digital era, underpinning innovation in virtually every domain of computing, from web and mobile apps to scientific research and intelligent systems. This unit introduces students to the foundational concepts of programming through Python, a widely-used and versatile programming language known for its readability and broad ecosystem. The course begins by exploring the building blocks of programming: variables, data types, and control structures such as selection and iteration. From these fundamentals, students’ progress into practical techniques like file handling and modular programming using functions. They will learn to structure their programs using functions, leverage external libraries and packages, and apply best practices for writing clean, maintainable, and secure code. As students gain confidence, they will investigate more applied topics such as graphical interfaces and animation, enabling the development of interactive applications. Object-oriented programming principles will be introduced to illustrate how complex software systems are structured and maintained. The course also places a strong emphasis on real-world applicability, teaching secure coding practices and exploring how to visualize data effectively, skills increasingly vital across industries. Throughout the unit, students will not only learn how to write Python programs, but also how to think computationally, analysing problems, designing algorithmic solutions, and evaluating code quality in terms of performance, maintainability, and correctness. They will build confidence in estimating development effort, selecting appropriate libraries and tools, and reflecting on the purpose and structure of existing code. By combining theory, hands-on programming, and creative problem-solving, this unit equips students with the essential skills to begin their journey as confident, capable software developers.","COMP16412,COMP23311,COMP26020,COMP26120",,COMP16412
Introduction to Programming 2,COMP16412,https://assets-dev.manchester.ac.uk/cpip/phase-2/ug/2026/unit/?unitcode=COMP16412,10,Mandatory,1,Semester 2,Department of Computer Science,True,"This unit teaches students how to design and build software using object-oriented programming principles in Java. The course begins with programming fundamentals-how to structure code, make decisions, and repeat operations-before introducing the core concept of organising programmes around ""objects"" with their own data and behaviours. Students learn how to create blueprints for these objects, how to build relationships between different types of objects, and how to design code that can be easily modified and extended over time. As the course progresses, students work with Java's built-in tools for organising and managing collections of data, such as lists, queues, and maps, and learn to choose the right tool for different programming challenges. The latter portions cover modern Java features that make code more concise and expressive, as well as techniques for processing data efficiently using contemporary programming styles. Beyond technical programming skills, this unit emphasises responsible and sustainable software development practices that are increasingly critical in the technology industry. Students examine real-world concerns, including software security and accessibility, reading current research on topics such as whether Al coding assistants lead developers to write less secure code, and how to design software that works well for users with diverse needs and abilities. The course addresses sustainability by teaching students to write efficient code that uses computational resources wisely,to design software architectures using diagrams that remain maintainable overrather than requiring costly rewrites. Students also learn to build graphical applications with interactive user interfaces and to handle multiple simultaneous operations within their programmes. Throughout the unit, students develop professional skills such as reading technical documentation, understanding visual software diagrams, writing clear code documentation, testing their code to prevent errors, and working on large projects-preparing them for collaborative software development in both academic and professional contexts.","COMP16321,COMP23311,COMP26020,COMP26120,COMP28112",,COMP16321
Software Engineering 1,COMP23311,https://assets-dev.manchester.ac.uk/cpip/phase-2/ug/2026/unit/?unitcode=COMP23311,10,Mandatory,2,Semester 1,Department of Computer Science,False,"While software engineering tends to involve a lot of programming, it is not synonymous with programming. Software Engineering is more concerned with the processes that are involved in the definition, creation, improvement, deployment, and maintenance of software artifacts. The course is a mixture of theoretical and practical work. The course allows students the opportunity to not only acquire the technical skills beneficial to a career in Software Engineering, but to also develop a critical understanding of how various social and technical phenomena may affect the profession going into the future.","COMP23412,COMP33312,COMP33511","COMP16321,COMP16412",
Software Engineering 2,COMP23412,https://assets-dev.manchester.ac.uk/cpip/phase-2/ug/2026/unit/?unitcode=COMP23412,10,Mandatory,2,Semester 2,Department of Computer Science,False,"This course prepares you to build interactive, real-world web applications using modern development frameworks and team-based agile practices. You will work in a simulated software company, with weekly requirements from ‘customers’ (your lecturers) that range from precise to deliberately ambiguous – just like the real world. Working in teams, you will learn to break down requirements, clarify ambiguity through customer engagement, and deliver high-quality software through continuous integration and testing. Along the way, you will develop fluency in an industry-standard framework, navigating documentation and architectural patterns to solve evolving challenges. What you will gain: Real-world experience in team-based software engineering. Confidence working with a modern web development framework. Skills in requirements analysis, rapid learning, and iterative development. The ability to build and test usable, robust web applications. Hands-on experience working with APIs – both consuming and creating them. You will leave the course ready to hit the ground running in a professional development team.","COMP33312,COMP33511",COMP23311,
Programming Languages & Paradigms,COMP26020,https://assets-dev.manchester.ac.uk/cpip/phase-2/ug/2026/unit/?unitcode=COMP26020,20,Mandatory,2,Full year,Department of Computer Science,False,There is a variety of programming languages designed with different features aiming to address different types of problems. The unit is an advanced course for students who have already mastered one programming language. It is trying to consider the broad spectrum of different programming paradigms and how these can be used and translated.,,"COMP16321,COMP16412",
Algorithms and Data Structures,COMP26120,https://assets-dev.manchester.ac.uk/cpip/phase-2/ug/2026/unit/?unitcode=COMP26120,20,Mandatory,2,Full year,Department of Computer Science,False,"This course unit covers fundamental material in Computer Science concerning algorithms and their correctness and performance. It is a two-semester practical course, with core content delivered via video and reading resources. These are supplemented with face-to-face synchronous sessions to consolidate the material, considerable practical experience delivered via both formative and summative coursework, and tutorial/drop-in lab support. The student is expected to seek out material to support work on the course, thus contributing to developing ""algorithmic literacy"".   Syllabus Algorithms - what they are and how to express them (in pseudocode and selected programming languages). Practical experience in devising, assessing and using algorithms: •    considerable practice in algorithmic problem solving for realistic problems •    examples from a wide range of application areas •    finding appropriate algorithms and data-structures •    inventing appropriate algorithms and data-structures Practical experience in 'algorithmic literacy' - knowing how to use the extensive literature on the subject, recognising what algorithms to use in applications and assessing their utility. A range of basic data structures: arrays, lists, trees (including ordered and balanced trees and heaps), and various kinds of graphs. Representations of basic data structures in programming languages. A range of basic algorithms: searching and sorting algorithms, tree traversal and manipulation algorithms, some basic graph algorithms. Other algorithmic areas will be explored through practical examples. An introduction to algorithmic performance: space and time requirements, worst-case, average-case and best case estimates. Practical experience and techniques for measuring and predicting performance: Counting operations. Scaling and some common rates of growth. Reasoning about algorithms - experience in informally reasoning about algorithms to establish correctness.",COMP36111,"COMP16321,COMP16412",
Logic and Modelling,COMP21111,https://assets-dev.manchester.ac.uk/cpip/phase-2/ug/2026/unit/?unitcode=COMP21111,10,Optional,2,Semester 1,Department of Computer Science,True,"The course is focused on logic, reasoning algorithms and formal methods.  In the course we cover several logics widely used in applications ranging from verification of software and hardware to mathematical reasoning. The course will cover formal aspects of propositional logic, quantified propositional logic (QBF), linear temporal logic. We study major reasoning algorithms for these logics including DPLL, tableaux, randomized algorithms, OBDDs. The course also covers formalization of problems such as state transition systems and specification and verification of properties of such systems using logic.",,"COMP11120,MATH11121",
Processor Microarchitecture,COMP22111,https://assets-dev.manchester.ac.uk/cpip/phase-2/ug/2026/unit/?unitcode=COMP22111,10,Optional,2,Semester 1,Department of Computer Science,True,"This course unit aims to reinforce and extend digital hardware development skills which are introduced in the first year. It aims to give students a view of the role of the digital designer, taking an idea and implementing it in silicon. The course unit looks at different architectures and computing paradigms, finishing with a discussion of what technologies may, in the future, replace silicon as the building block of the processor. The syllabus is given below with the sections associated with each concept. First half   1.    Introduction  Overview, introduction to the lab, approaches to design and the management of complexity 2.    Introducing Stump  Designing complex systems, RISC v CISC, Stump specification and addressing schemes, Stump ISA 3.    Verilog & Testing  Verilog recap and new features - tasks, functions and structural Verilog. Verification, validation and testing - the testbench. 4.    Sequential systems design  The processor as a sequential system, datapath and control, register transfer level (RTL) design, Mealy and Moore finite state machines. 5.    Designing and Implementing Processors  Implementation of processors from the ISA, architectural design, RTL design, Verilog implementation. 6.    Introduction to CMOS  Basic electronics, logic gates in CMOS and design considerations. Second half   7.    Specialised Processing Architectures  Examining DSPs, floating-point (and other) coprocessors, SIMD and vector extensions as well as VLIW. 8.    Microarchitectural Structures   Basic building blocks, including register files, FIFOs, RAMs, CAMs, arithmetic circuits (adders and multipliers) and shifters. 9.    FPGAs   FPGA mode of operation and its spatial programming model as well as application examples. 10.    Technology & Hardware Design Examples  Standard Cell design methodology, PLA, Multiplexer, look-up table technology, investigating circuits and design factors. 11.    Computer Aided Design (CAD) Tools   Logic synthesis, constraints, Place & Route, DRCs. 12.    Verification and Testing  Analogue and digital simulation, regression testing, production test and yield built-in self-test (BIST). 13.    Timing and Clocking   System performance, setup and hold times, jitter, clock skew, clock distribution networks, propagation delay, signal integrity, static timing analysis (STA), clock domains, synchronisation and meta-stability. 14.    Future   Limits of Moores' law, understanding the importance of energy efficiency, new manufacturing techniques, memristor-based computing, exotic technologies (Quantum dots, Graphene, Spintronics, etc.).",COMP32211,COMP12111,
Microcontrollers,COMP22712,https://assets-dev.manchester.ac.uk/cpip/phase-2/ug/2026/unit/?unitcode=COMP22712,10,Optional,2,Semester 2,Department of Computer Science,True,"The course unit is a strong practical reinforcement of the software/hardware interface. The key themes we cover in this unit are: •    Efficient low-level programming in RISC-V assembly •    Controlling hardware devices through software •    Developing applications with both hardware and software components •    Processor support for hardware-software communication •    System software design •    Low-level debugging and testing •    Reading, understanding, and using hardware technical documentation This course unit is focused on practical laboratory work around our custom-designed development boards, which were developed in-house for this unit. Completing this course unit will give you a good understanding of low-level software, hardware-software co-design, and embedding programming, allowing you to compete for roles not normally open to most programmers.",,COMP15111,
Database Systems,COMP23111,https://assets-dev.manchester.ac.uk/cpip/phase-2/ug/2026/unit/?unitcode=COMP23111,10,Optional,2,Semester 1,Department of Computer Science,True,"Databases are foundational, though often unseen, components of modern computing architectures, playing a critical role in both commercial and scientific contexts. Over time, data management has evolved from fragmented, application-specific file systems to organization-wide strategies that recognize data as a vital asset. In today’s competitive landscape, the ability to manage, analyse, and utilize data effectively is a key factor in organisational success. At the heart of this transformation are database management systems (DBMSs), which serve as the essential software infrastructure for managing data with reliability, consistency, and efficiency. Modern DBMSs are highly sophisticated, embodying advances in areas such as algorithms and data structures, programming language theory, conceptual modelling, concurrency control, and distributed computing. These systems are designed to support a wide range of applications, from transactional systems to data analytics, while ensuring security, scalability, and performance. This course explores databases as a unifying, data-centric traversal of many of the most exciting topics in modern computing. Students will learn the principles and techniques that underpin the design, implementation, and management of databases, with a particular focus on the relational model, SQL, and database normalization. They will also explore the integration of databases with web and other front-end systems, gaining practical experience in building database-driven applications. In addition, the course examines advanced topics such as transaction management, database security, and alternative database paradigms like NoSQL systems. By combining theory with hands-on practice, students will develop the skills needed to design robust databases, write advanced queries, and apply database technologies to solve real-world problems effectively.",COMP38311,,
Introduction to AI,COMP24011,https://assets-dev.manchester.ac.uk/cpip/phase-2/ug/2026/unit/?unitcode=COMP24011,10,Optional,2,Semester 1,Department of Computer Science,True,"The Unit constitutes an introduction to the field of Artificial Intelligence, aiming at once to give a broad overview of the subject and to serve as a basis for more detailed third year courses, particularly, COMP34111 (AI and Games), COMP34212 (Cognitive Robotics), COMP34812 (Natural Language Understanding) and COMP37212 (Computer Vision).",COMP24412,"COMP11120,COMP13212,MATH11121",
Machine Learning,COMP24112,https://assets-dev.manchester.ac.uk/cpip/phase-2/ug/2026/unit/?unitcode=COMP24112,10,Optional,2,Semester 2,Department of Computer Science,True,"The unit will cover the following. A general introduction to key concepts in machine learning and the development of the field. Essential knowledge on how to build a supervised machine learning system, including classification and regression, with respect to model architecture (e.g., instance-based model, linear model, linear basis function model, kernel methods, single- and multi-layer perceptrons, convolutional neural network etc.), loss functions (e.g., sum of squares error, regularisation, cross-entropy, etc.), and optimisation approaches for training (e.g., basic optimality conditions, (stochastic) gradient descent, etc.). Basic knowledge on different types of machine learning models (e.g., parametric, non-parametric, deterministic and probabilistic models). Essential knowledge on clustering analysis for grouping similar objects. Essentials on how to measure performance of a machine learning system for classification, regression and clustering. Basics on machine learning phenomena like bias and variance issues, over-fitting and under-fitting. Essential knowledge and practical skills on how to perform machine learning experiments, and on data usage for model training, model selection and model testing. The teaching content is divided into ten chapters: •    Machine Learning Basics •    k-Nearest Neighbours •    Machine Learning Experiments •    Typical Machine Learning Models •    Loss Functions •    Training and Optimisation •    Artificial Neural Networks •    Deep Learning and Convolutional Neural Networks •    Unsupervised Learning •    Machine Learning Applications The course has a fair amount of mathematical and algorithmic content and is intended to be self-contained. The lab work is based on Python.","COMP34312,COMP34612,COMP34711","COMP11120,MATH11121",
Knowledge Based AI,COMP24412,https://assets-dev.manchester.ac.uk/cpip/phase-2/ug/2026/unit/?unitcode=COMP24412,10,Optional,2,Semester 2,Department of Computer Science,True,"Intelligent systems need to be able to represent and reason about the world. This course provides an introduction to the key ideas in knowledge representation and different types of automated reasoning. The course is a mixture of theoretical and practical work: at the end of the course students will know the principles that such systems use, and they will have experience of implementing those principles in running systems.",,,COMP24011
System Architecture,COMP25212,https://assets-dev.manchester.ac.uk/cpip/phase-2/ug/2026/unit/?unitcode=COMP25212,10,Optional,2,Semester 2,Department of Computer Science,True,"This course introduces the key ideas behind the design of modern computer processors and explains how advanced architectural techniques are used to improve performance and efficiency. Students will explore why these techniques are needed and how they are applied in real computing systems. This course covers the following topics and themes: •    Why modern processors need advanced design techniques  Performance limitations in modern computing systems and the motivation for advanced processor architecture techniques. •    Reducing delays when accessing memory  Memory latency and the role of caching, including cache organisation and operation. •    Overlapping work inside the processor  Instruction pipelining, processor throughput, superscalar architectures. •    Handling dependencies and decision points during execution  Pipeline limitations and hazards, including data and control hazards, and techniques to improve pipeline performance. •    Running multiple tasks at once on a single processor  Multi-threading concepts, processor support for multi-threading, and simultaneous multi-threading. •    Using multiple processor cores  Motivation for multi-core processors and possible multi-core processor organisations. •    Sharing data safely between processing units  Data sharing, cache coherence, and consistency in multi-core systems.",COMP35112,COMP15111,
Introduction to Visual Computing,COMP27112,https://assets-dev.manchester.ac.uk/cpip/phase-2/ug/2026/unit/?unitcode=COMP27112,10,Optional,2,Semester 2,Department of Computer Science,True,"The field of Visual Computing brings together two fundamentally important aspects of modern computing: Computer Graphics - concerned with the synthesis of images from computer models - and Image Processing, which deals with analysis and understanding of images by computers. There are now considerable overlaps between these two, traditionally separate, fields of research and their applications. The Visual Computing theme consists of the following course units: •    Year 2: Introduction to Visual Computing (Computer Graphics and Image Processing) (10 credits) •    Year 3: Graphics & Virtual Environments (10 credits) •    Year 3: Computer Vision (10 credits) The second-year Introduction to Visual Computing unit covers the following topics. Image Transformations (2 weeks) Image representations: resolution, colour models. Image transformations: point transformations (brightness, contrast, grey-level mapping, windowing, colour transformations and colour spaces) and geometrical transformations (including camera calibration). This part also describes some of the history and applications of image processing. Image Enhancement (3 weeks) Local processes, convolution, image smoothing (local averaging, weighted averaging), size of support, Gaussian mask. Edge enhancement (sharpening). Edge detection (Prewitt, Sobel, Canny, Marr-Hildreth), Line detection (Hough transform). Thresholding, blob detection, simple measurement (geometrical features such as perimeter and area). Rank order filters (median, max-min). This part also describes image file formats, camera exposure and image compression. Fundamentals (1 week) 2 and 3 D Coordinate systems. Vectors, matrices and basic vector/matrix operations. 2 and 3D geometric transformations (translation, rotation, scaling, affine). 3D Modelling and Illumination (4 weeks) The programmable graphics pipeline. 3D graphics primitives, meshes, models, and scene graphs. Rasterisation and hidden surface removal. The camera model, viewing and projection. Local illumination: ambient, diffuse, specular. Gouraud and Phong shading. Writing shaders with GLSL. Surface detail: textures, bump mapping.","COMP37111,COMP37212",,
Distributed Systems,COMP28112,https://assets-dev.manchester.ac.uk/cpip/phase-2/ug/2026/unit/?unitcode=COMP28112,10,Optional,2,Semester 2,,True,"The course unit assumes that students already have a solid understanding of the main principles of computing within a single machine, have a basic understanding of the issues related to machine communication and networking, and have a notion of what distributed computing is. The syllabus will contain topics covering the fundamentals of distributed computing, its application in modern systems and issues to be considered when designing distributed systems.","COMP32412,COMP38311","COMP16412,COMP15212",
Exploring Enterprise,MCEL10001,https://assets-dev.manchester.ac.uk/cpip/phase-2/ug/2026/unit/?unitcode=MCEL10001,10,Optional,1,Semester 1,Alliance Manchester Business School,True,"“Exploring Enterprise” aims to develop students’ problem-solving skills, creativity, and commercial awareness. Acting as consultants, students will identify and evaluate business opportunities using tools like SWOT, PEST, and Ansoff’s Matrix. This unit bridges the gap between academic knowledge and real-world applications, making students’ expertise more relevant in business contexts. The course culminates in a consultancy project where students analyse a business and recommend innovative changes to that company’s business model. By the end of the unit, students will have started to develop a consultancy mindset (i.e. commercialising focused both aware of other stakeholder interests and expectations), gained essential analytical skills, and further developed their abilities to innovate creating value in various contexts.",,,
Entrepreneurial Skills,MCEL10002,https://assets-dev.manchester.ac.uk/cpip/phase-2/ug/2026/unit/?unitcode=MCEL10002,10,Optional,1,Semester 2,Alliance Manchester Business School,True,"This unit is specifically designed so students understand the processes entrepreneurs go through when researching and developing a business opportunity for presentation to potential investors Students will be expected to identify and develop an idea which has the potential to be commercialised. The idea will be generated through use of practical and creative techniques developed within the unit. Students will then research their idea identifying key information which would support the development of a Business Plan. This will be done through the examination of the process of commercialisation, identifying information such as the ideas' market potential, its potential strategy and its capacity for monetarisation. The output of this research will be developed into a detailed business proposal, to be aimed at potential investors,, which identifies the value and uniqueness of the identified opportunity.",,,
Exploring Enterprise,MCEL10022,https://assets-dev.manchester.ac.uk/cpip/phase-2/ug/2026/unit/?unitcode=MCEL10022,10,Optional,1,Semester 2,Alliance Manchester Business School,True,"“Exploring Enterprise” aims to develop students’ problem-solving skills, creativity, and commercial awareness. Acting as consultants, students will identify and evaluate business opportunities using tools like SWOT, PEST, and Ansoff’s Matrix. This unit bridges the gap between academic knowledge and real-world applications, making students’ expertise more relevant in business contexts. The course culminates in a consultancy project where students analyse a business and recommend innovative changes to that company’s business model. By the end of the unit, students will have started to develop a consultancy mindset (i.e. commercialising focused both aware of other stakeholder interests and expectations), gained essential analytical skills, and further developed their abilities to innovate creating value in various contexts.",,,
Third Year Project Laboratory,COMP30040,https://assets-dev.manchester.ac.uk/cpip/phase-2/ug/2026/unit/?unitcode=COMP30040,40,Mandatory,3,Full year,Department of Computer Science,False,"Various types of project are possible as long as it is in the general area of Computer Science. Examples include software design and development, hardware design and development, mathematics, teaching, and research. Students can choose from a large selection of project proposals provided by project supervisors (the student makes three choices and will be assigned one by an allocation system). Alternatively, the student can write their own proposal and find a project supervisor to supervise the project. Students will attend weekly group meetings with their supervisor to receive support and to demonstrate the achievements each week which can later be used as part of the assessment process. Because the projects are varied, the type of learning depends on the project. For example, if a student chooses a Machine Learning project, they would need to manage their own learning in that area. Even if a project is chosen that is in an area that was studied in another unit, it is almost certain that extra learning will be required for the specific project. Materials (textual and video) are provided on various aspects of project work, such as on project planning, ethics, and report-writing. Students might use some of these resources at the start of the project, and others, like report-writing, later on in the year. The main aims for the project work done in the third year are: •    To manage and execute a substantial project in a limited time. •    To identify and learn whatever new skills are needed to complete the project. •    To apply design and engineering skills in the accomplishment of a single task. In this context the skills mentioned may be in the general area of design and engineering in its broadest sense, or may be very specifically related to particular tools. •    To effectively communicate (verbally and in writing) all aspects of the produced work.",,,
Giving Meaning to Programs,COMP31311,https://assets-dev.manchester.ac.uk/cpip/phase-2/ug/2026/unit/?unitcode=COMP31311,10,Optional,3,Semester 1,,True,"Programming languages provide abstractions such as `functions’ which are supposed to allow us to reason about the code at a high level---without running it in our heads. However, these abstractions don’t necessarily behave in the way their names suggest. In this unit we show that a mathematical theory of program meanings can be developed which encompasses the counter-intuitive behaviour of computations, but preserves our ability to reason abstractly. The machinery required is significant, and delicate at times, and the unit will introduce the fundamental technical tools which help us cope with these complications.",,"MATH10111,COMP11120,MATH11121",
Implementing System-on-Chip Designs,COMP32211,https://assets-dev.manchester.ac.uk/cpip/phase-2/ug/2026/unit/?unitcode=COMP32211,10,Optional,3,Semester 1,Department of Computer Science,True,"Course Structure This course is structured around a central practical project, supported by a series of lectures. The lectures introduce concepts, techniques, and context that feed directly into the practical work, while the hands-on activities reinforce and illustrate the lecture material. Together, lectures and practical sessions provide a coherent, integrated learning experience that develops both system-level design understanding and practical skills. Practical Work The practical part of the course involves migrating the design of a moderately complex finite-state machine (FSM) into a language for hardware description (Verilog), integrating it with other components of a system-on-chip, and verifying that it operates correctly under realistic conditions. Students will demonstrate a working implementation, using a graphics drawing example design so that the final result can be clearly observed on its own display. Lectures in System-Level Digital Hardware Design The lectures will revolve around the following topics: •    Introduction  An overview of the course and its objectives, and the role of digital hardware design in modern computing systems. •    Scale and complexity of VLSI systems  The scale of the problem and what a modern VLSI system looks like internally. •    The Verilog Hardware Description Language   Revision of core concepts, together with additional language features used in practical system-level design. •    Functional simulation  Constructing test harnesses and modelling realistic system behaviour. •    Debugging  Identifying common design issues, and systematic approaches to locating and fixing errors. •    Design and tool flows  The tools and processes used to transform source code into silicon, and how design choices affect efficiency and outcomes. •    Timing simulation  Simulating large designs and obtaining sufficiently accurate timing results within practical time constraints. •    Timing and clocking  Clocking strategies, clock distribution, and the challenges of crossing between clock domains. •    Technology  Essential CMOS technology concepts that underpin modern VLSI design. •    Layout and physical design  How physical constraints and layout effects influence the behaviour of an otherwise clean logical design. •    Testing and validation  Techniques for proving that a device is expected to work, and for checking its behaviour once silicon becomes available. •    Future trends  An overview of ongoing developments in silicon fabrication and emerging challenges for digital hardware designers.",,COMP22111,
The Internet of Things:  Architectures and Applications,COMP32412,https://assets-dev.manchester.ac.uk/cpip/phase-2/ug/2026/unit/?unitcode=COMP32412,10,Optional,3,Semester 2,Department of Computer Science,False,"Augmenting objects, otherwise designed to perform a specific task, with the ability to connect to the Internet has led to a new technological paradigm called the Internet of Things (IoT). This course will introduce the students to this concept where high level tasks such as data analytics and fundamental hardware components, such as sensors and actuators are integrated to produce complex systems aimed at improving quality of life and benefit society. Considering the upcoming IoT revolution, this course unit offers a timely opportunity to familiarise yourself with the fundamental principles and primary issues that define the IoT. We put emphasis on the versatility of components that can be integrated into such systems, as well as the diversity of data types produced by the IoT edge-nodes. Successful development of IoT applications also requires communication between different levels (layers) of IoT architectures with the associated security and privacy issues.",,COMP28112,
Agile Software Pipelines,COMP33312,https://assets-dev.manchester.ac.uk/cpip/phase-2/ug/2026/unit/?unitcode=COMP33312,10,Optional,3,Semester 2,Department of Computer Science,False,"The approach to software development known as “agile software engineering” is now well established within the industry as the most reliable and cost-effective in all but a handful of circumstances. Agile approaches emphasise the early and frequent delivery of releasable software artefacts to the client, combined with disciplined but flexible approaches to project progress tracking, to the continuous and active collection of feedback on the success (or otherwise) of the work done so far and to the creation of high-quality code bases that are easy and safe to change. In an agile project, the first usable executable artefacts will be created very early in the project’s lifetime and may be in active use while other parts of the required functionality are still in various stages of development. New and changed functionality is delivered incrementally at short intervals throughout the duration of the project, blurring the distinction between the development and the operational project phases. While the human processes used to manage and carry out agile software engineering are highly iterative, the artefacts produced by the processes are increasingly viewed as passing through one or more linear “pipelines”, on their journey to deployment and use in the end-user environment. New models for the delivery of software (such as continuous delivery) depend upon a carefully configured technical pipeline as much as they do upon effective and efficient human design and feedback processes. In this course unit, we will examine how the combination of these iterative human processes and technical development and delivery pipelines is used to create software that provides real value and return on investment for clients and end-users, while also being of sufficiently high quality to allow frequent and sometimes substantial changes throughout the software’s lifetime. Specifically, the following topics will be covered: •    Introduction to agile methodologies •    Agile approaches to requirements management •    Agile approaches to project planning and tracking •    Agile approaches to software quality management •    DevOps practices in an agile context •    Retrospectives and agile process improvement",,"COMP23311,COMP23412",
User Experience,COMP33511,https://assets-dev.manchester.ac.uk/cpip/phase-2/ug/2026/unit/?unitcode=COMP33511,10,Optional,3,Semester 1,Department of Computer Science,False,"You should not confuse this high-level overview of the domain with the knowledge you would acquire in a full three-year degree programme. We will cover the tools, techniques, and mindset necessary to competently approach your first user testing and user experience job. Designed from a practical perspective the unit will enable you to take a junior role in a user experience department or usability company. It will also provide you with the overall knowledge to communicate with others and make sensible suggestions regarding UX work while serving as a basis for future self-study within the UX domain (Further Reading and SAQs). In this case, the unit is composed of discussions through (a) the principles, tools, and techniques required; (b) These unit notes to expand on those principles and techniques; (c) the discussion topics to teach and test your ability to summarise, and then form a view based on a complex UX topic; and finally, (d) the secondary text which will hopefully teach you something about the general science of the area while also enabling you to critique areas and understand how and why your view has been formed (including the ability for people to have different views which may coexist).",,"COMP23311,COMP23412",
AI and Games,COMP34111,https://assets-dev.manchester.ac.uk/cpip/phase-2/ug/2026/unit/?unitcode=COMP34111,10,Optional,3,Semester 1,Department of Computer Science,False,"The main contents of this module include:   1. What is a game? (Definition of game, pay-off function, representations in normal form, and extensive form.) 2. What is a plan for decision-making in a game context? (Definition of strategy, representations of strategy.) 3. What does it mean to play a game well? (Definition of best-response strategy, equilibrium point, discussion of the validity of these concepts, discussion of alternatives.) 4. Properties of the Nash equilibrium. (How it incentivizes bad outcomes to prevent opponents from taking advantage.) 5. How do we find good game plans? (Complexity of finding equilibrium points, minimax algorithm, alpha-beta pruning, discussion of the components of a typical game playing program via evaluation function and alpha-beta search) 6. How do we learn good game plans? (Introduction to Exploration & Exploitation, learning through ""self-play"", Monte Carlo Tree Search and AlphaGo.)",COMP34612,"COMP11120,COMP13212,MATH11121,MATH10111",
Cognitive Robotics,COMP34212,https://assets-dev.manchester.ac.uk/cpip/phase-2/ug/2026/unit/?unitcode=COMP34212,10,Optional,3,Semester 2,,True,"This unit provides an in-depth understanding of the field of cognitive robotics. This will analyse the selection, use and combination of methods and approaches in robotics, in artificial intelligence and in psychology and neuroscience to design intelligent behaviour and cognitive skills in interactive robots.",,,
Mathematical Topics in Machine Learning,COMP34312,https://assets-dev.manchester.ac.uk/cpip/phase-2/ug/2026/unit/?unitcode=COMP34312,10,Optional,3,Semester 2,Department of Computer Science,True,"Topic 1: Empirical risk minimization, regularisation; bias/variance theory and the relation to overfitting; probabilistic view: likelihood vs loss, introducing exponential families.   Topic 2: Information theory: KL-divergence vs. cross-entropy, mutual information; the view of ML as compression.   Topic 3: Optimization theory (calculus). Why GD?  What are convex and non-convex functions? How do gradients inform how we optimize a function? How can we use second order properties? How can we prove whether a method will converge?   Topic 4: Dimensionality reduction (matrix algebra). “refine, denoise, and visualise your data”.  Data usually has limited degrees of interest, living on a low-dimensional manifold within a high-dimensional space. This topic will introduce students to matrix-algebra-intensive methods used to learn feature dimensions that can aid in your model fitting process. Examples include PCA, spectral embedding, Fisher discriminant analysis, etc. These allow visualisation, denoising and enhancing the separation of data for classification.",,COMP24112,
Computational Game Theory,COMP34612,https://assets-dev.manchester.ac.uk/cpip/phase-2/ug/2026/unit/?unitcode=COMP34612,10,Optional,3,Semester 2,Department of Computer Science,False,"There has been a substantial grow of research activity at the boundaries of game theory, artificial intelligence, economics, computer science, and a number of other disciplines in recent years. The reasons behind this are twofold: On the one hand, game theory and its applications raise many important and challenging computing, learning, and communication problems to CS and AI; On the other hand, game theory provides important insights and powerful frameworks to a number of CS topics, including AI, Multi-agent systems, computer networks as well as many others.   The main contents of this module include: 1) To introduce the concepts and computational solutions for non-cooperative and cooperative game theory with their applications 2) To introduce the machine learning techniques to solve the learning issues arise from the applications of game theory with their applications 3) To introduce the mechanism design (the reverse game theory) and its applications for the design of the rules of a game   The module includes a major piece of coursework (a group project run over 5 weeks) to apply game theory and learning methods covered to solve the pricing game problem.",,"COMP11120,COMP13212,COMP24112,MATH11121,MATH10111",COMP34111
Natural Language Processing,COMP34711,https://assets-dev.manchester.ac.uk/cpip/phase-2/ug/2026/unit/?unitcode=COMP34711,10,Optional,3,Semester 1,Department of Computer Science,False,"This course unit will cover the key linguistic and algorithmic foundations of natural language processing (NLP). It will explore the main challenges in processing textual data, representing word and document semantics, and processing and identifying patterns in speech. It will consider both rule-based and machine/deep learning approaches, and building and using large language models for specific tasks, including applications such text classification, word sense disambiguation, speech synthesis and speech recognition. The syllabus will cover the following topics:   •    Introduction to NLP •    Lexical Semantics   •    Language Models •    Deep Learning for NLP •    Speech Synthesis and Recognition •    NLP Applications •    Ethical Considerations for NLP",COMP34812,COMP24112,
Natural Language Understanding,COMP34812,https://assets-dev.manchester.ac.uk/cpip/phase-2/ug/2026/unit/?unitcode=COMP34812,10,Optional,3,Semester 2,Department of Computer Science,False,"Drawing from concepts covered in the prerequisite COMP34711: Natural Language Processing unit, this unit will enable students to look more deeply into how machines analyse and recognise meaning expressed in natural language. In this unit, students will gain hands-on experience in investigating solutions to a number of natural language understanding tasks. This will provide students with the know-how required to develop technologies for real-world applications enabling communication between humans and machines, which have become increasingly ubiquitous and indispensable.",,COMP34711,
Chip Multiprocessors,COMP35112,https://assets-dev.manchester.ac.uk/cpip/phase-2/ug/2026/unit/?unitcode=COMP35112,10,Optional,3,Semester 2,Department of Computer Science,True,"Due to technological limitations, it is proving increasingly difficult to maintain a continual increase in the performance of individual processors. Therefore, the current trend is to integrate multiple processors on to a single chip and exploit the resulting parallel resources to achieve higher computing power. However, this may require significantly different approaches to both hardware and software particularly for general purpose applications. This course will explore these issues in detail.",,COMP25212,
Algorithms and Complexity,COMP36111,https://assets-dev.manchester.ac.uk/cpip/phase-2/ug/2026/unit/?unitcode=COMP36111,10,Optional,3,Semester 1,Department of Computer Science,True,"The Unit constitutes a self-contained introduction to the theory of Computational Complexity. It assumes no pre-requisites other than a knowledge of basic algorithms and mathematical notation. The teaching will be exclusively by means of traditional lectures, supported by the prescribed course text.",,"COMP11120,COMP11212,COMP26120,MATH11121,MATH10111,MATH10101",
Mathematical Systems and Computation,COMP36212,https://assets-dev.manchester.ac.uk/cpip/phase-2/ug/2026/unit/?unitcode=COMP36212,10,Optional,3,Semester 2,Department of Computer Science,True,"Mathematical systems can be used to describe many aspects of the world around us, from modelling physics and chemistry, to predicting financial markets and enabling machine learning and AI. By modelling systems mathematically it is possible to analyse them, and make predictions about their performance and how it can be optimised. Solution of these mathematical systems often relies on computational hardware and the application of algorithms which solve an approximate form of the problem. It is therefore important to understand the limitations imposed by the computational implementation of a given problem, and the effect this can have on a given solution.   The course explores these concepts from three perspectives: by introducing the notion of finite precision computation and error propagation within a computational process; through exploring techniques for the numerical solution of differential equations; and through the use of optimisation algorithms to maximise the performance of a solution to a given problem. These techniques are then applied to real-world problems, including physical and engineering systems, and machine learning operations within neural networks. The course targets students seeking to gain experience of how numerical computation is employed in industry and research, and who want a deeper understanding of how numerical algorithms and hardware combine when solving problems. It will help develop the skills necessary to work at the hardware-software interface, and in harnessing the power of hardware accelerators and modern computer architectures to develop fast, accurate and precise analysis tools.",,COMP11120,
Graphics & Virtual Environments,COMP37111,https://assets-dev.manchester.ac.uk/cpip/phase-2/ug/2026/unit/?unitcode=COMP37111,10,Optional,3,Semester 1,Department of Computer Science,False,This Course Unit covers the principles of modern Computer Graphics from creation modelling of scenes through to animation and rendering with a particular focus on the quality and performance issues relating to the various techniques.,,COMP27112,
Computer Vision,COMP37212,https://assets-dev.manchester.ac.uk/cpip/phase-2/ug/2026/unit/?unitcode=COMP37212,10,Optional,3,Semester 2,,False,,,"COMP27112,COMP11120",
Advanced Distributed Systems,COMP38311,https://assets-dev.manchester.ac.uk/cpip/phase-2/ug/2026/unit/?unitcode=COMP38311,10,Optional,3,Semester 1,Department of Computer Science,False,Distributed Systems: The Big Picture   Categories and Characteristics   Historical Perspective   Architectural Paradigms   Cloud Computing Concepts and Economics Resource Management   Provisioning   Scheduling   Load Balancing   Energy Management   Quality of Service Big Data as an Application Driver      Big Data: Drivers and the 4Vs      Batch: MapReduce      I nteractive: NoSQL     Streaming,,"COMP23111,COMP28112",
Quantum Computing,COMP39112,https://assets-dev.manchester.ac.uk/cpip/phase-2/ug/2026/unit/?unitcode=COMP39112,10,Optional,3,Semester 2,,True,"Quantum computing is one of the most intriguing of modern developments at the interface of computing, mathematics and physics, whose long term impact is far from clear as yet.",,,
Independent Study and Technical Explanations,EEEN31001,https://assets-dev.manchester.ac.uk/cpip/phase-2/ug/2026/unit/?unitcode=EEEN31001,10,Optional,3,Semester 1,,False,"You will independently study a technical topic of your choosing* related to your degree title then clearly explain it to your peers or the public by creating learning resources (e.g. videos, workbooks, and/or interactive notes). This is an opportunity for you to explore an area of interest while building useful skills for your career. The syllabus will include material on topics such as: finding and evaluating course material, creating effective graphics, recording videos, why explaining is hard, giving useful feedback, and similar. Where possible it will also include guest lectures discussing how and how often these skills are used in industry. *(topic will be agreed between you and the unit tutor)",,,
Enterprise Management for Computer Scientists,MCEL30031,https://assets-dev.manchester.ac.uk/cpip/phase-2/ug/2026/unit/?unitcode=MCEL30031,10,Optional,3,Variable teaching patterns,,False,The unit enables students to critically analyse a range of issues that business managers face using a range of business tools and techniques.  The tools are explained in lectures and students are then encouraged to apply them in separate case study sessions.  Analysis often reveals a number of conflicting factors and students are required to make judgements based on evidence that justifies their decisions.,,,
Managing Finance in Enterprises for Computer Scientists,MCEL30032,https://assets-dev.manchester.ac.uk/cpip/phase-2/ug/2026/unit/?unitcode=MCEL30032,10,Optional,3,Semester 2,Alliance Manchester Business School,False,"The unit aims to: 1. Allow students to understand and develop the necessary skills to produce a proposal to support a major project within an organisation or a business plan for a new start-up. 2. Introduce essential business finance and business risk management tools. 3. To explore resources required to form, develop and grow a business or a product line within a business. 4. To encourage students to think entrepreneurially as an essential component of their personal development.",,,
