title,code,url,credits,mandatory,level,semester,faculty,freechoice,description,required_by,corequisites_list,prerequisites_list
First Year Team Project,COMP10120,https://assets-dev.manchester.ac.uk/cpip/phase-2/ug/2026/unit/?unitcode=COMP10120,20,Mandatory,1,Full year,Department of Computer Science,False,"In this course, you will explore both the technical and professional foundations of computer science, learning how to build web applications while developing skills that are essential for working in teams and solving real-world problems. Core technical topics •    How the web works, including the structure of websites and how browsers communicate with servers •    Creating web pages using HTML for structure and CSS for layout and visual design •    Writing interactive web content using JavaScript •    Storing and retrieving data using databases •    Building server-side applications using Serverside Technologies •    Working with APIs to access and use data from external services •    Basic principles of web security and how to protect applications and data •    Version control and deployment, including how to manage and share code safely Project and practical skills •    Planning, designing, and building a data-driven web application as part of a team •    Using tools and workflows commonly used in software development •    Testing, improving, and presenting your work Teamwork and professional skills •    Working effectively in a team, including organising tasks, managing time, and resolving issues •    Communicating ideas clearly through presentations, posters, and written reports •    Understanding intellectual property, ethics, and professional responsibilities in computing •    Considering equality, diversity, and inclusion in team and project work Learning and reflection •    Developing independent learning skills and confidence in learning new technologies •    Reflecting on your progress, strengths, and areas for improvement •    Writing short reflective and technical reports to explain what you have learned By the end of the course, you will have practical experience of building a real web application, along with the teamwork, communication, and problem-solving skills needed for the rest of your degree and a future career in computing.",,,
Introduction to Programming 1,COMP16321,https://assets-dev.manchester.ac.uk/cpip/phase-2/ug/2026/unit/?unitcode=COMP16321,20,Mandatory,1,Semester 1,Department of Computer Science,False,"Programming is a core skill in the digital era, underpinning innovation in virtually every domain of computing, from web and mobile apps to scientific research and intelligent systems. This unit introduces students to the foundational concepts of programming through Python, a widely-used and versatile programming language known for its readability and broad ecosystem. The course begins by exploring the building blocks of programming: variables, data types, and control structures such as selection and iteration. From these fundamentals, students’ progress into practical techniques like file handling and modular programming using functions. They will learn to structure their programs using functions, leverage external libraries and packages, and apply best practices for writing clean, maintainable, and secure code. As students gain confidence, they will investigate more applied topics such as graphical interfaces and animation, enabling the development of interactive applications. Object-oriented programming principles will be introduced to illustrate how complex software systems are structured and maintained. The course also places a strong emphasis on real-world applicability, teaching secure coding practices and exploring how to visualize data effectively, skills increasingly vital across industries. Throughout the unit, students will not only learn how to write Python programs, but also how to think computationally, analysing problems, designing algorithmic solutions, and evaluating code quality in terms of performance, maintainability, and correctness. They will build confidence in estimating development effort, selecting appropriate libraries and tools, and reflecting on the purpose and structure of existing code. By combining theory, hands-on programming, and creative problem-solving, this unit equips students with the essential skills to begin their journey as confident, capable software developers.","COMP16412,COMP23311,COMP26020,COMP26120,MATH36160",COMP16412,
Introduction to Programming 2,COMP16412,https://assets-dev.manchester.ac.uk/cpip/phase-2/ug/2026/unit/?unitcode=COMP16412,10,Mandatory,1,Semester 2,Department of Computer Science,True,"This unit teaches students how to design and build software using object-oriented programming principles in Java. The course begins with programming fundamentals-how to structure code, make decisions, and repeat operations-before introducing the core concept of organising programmes around ""objects"" with their own data and behaviours. Students learn how to create blueprints for these objects, how to build relationships between different types of objects, and how to design code that can be easily modified and extended over time. As the course progresses, students work with Java's built-in tools for organising and managing collections of data, such as lists, queues, and maps, and learn to choose the right tool for different programming challenges. The latter portions cover modern Java features that make code more concise and expressive, as well as techniques for processing data efficiently using contemporary programming styles. Beyond technical programming skills, this unit emphasises responsible and sustainable software development practices that are increasingly critical in the technology industry. Students examine real-world concerns, including software security and accessibility, reading current research on topics such as whether Al coding assistants lead developers to write less secure code, and how to design software that works well for users with diverse needs and abilities. The course addresses sustainability by teaching students to write efficient code that uses computational resources wisely,to design software architectures using diagrams that remain maintainable overrather than requiring costly rewrites. Students also learn to build graphical applications with interactive user interfaces and to handle multiple simultaneous operations within their programmes. Throughout the unit, students develop professional skills such as reading technical documentation, understanding visual software diagrams, writing clear code documentation, testing their code to prevent errors, and working on large projects-preparing them for collaborative software development in both academic and professional contexts.","COMP16321,COMP23311,COMP26020,COMP26120,COMP28112",COMP16321,
Linear Algebra,MATH11022,https://assets-dev.manchester.ac.uk/cpip/phase-2/ug/2026/unit/?unitcode=MATH11022,20,Mandatory,1,Semester 2,Department of Mathematics,False,"Linear algebra is one of the most applicable areas of mathematics, both within mathematics itself as well as to other areas of knowledge, from Engineering to Economics.  This course provides a solid introduction to this area and introduces many properties of matrices, such as determinants and eigenvalues, as well as an introduction to abstract vector spaces. Almost all the results in the course are given formal proofs giving a precise understanding of their validity","MATH21120,MATH24411,MATH27711,MATH32062,MATH32091,MATH35031,MATH38171",,MATH11121
Mathematical Foundations & Analysis,MATH11121,https://assets-dev.manchester.ac.uk/cpip/phase-2/ug/2026/unit/?unitcode=MATH11121,20,Mandatory,1,Semester 1,Department of Mathematics,False,"This unit provides the foundations for much of University level mathematics.  It introduces rigorous mathematical language and notation that are used throughout the degree, including mathematical logic.  In it we discuss methods of proof, properties of finite and infinite sets as well as equivalence relations. In the second half, we introduce the notion of convergence of infinite sequences and their limits and finally make rigorous the idea of continuous function. There are also discussions of complex numbers.","MATH11022,COMP11212,MATH21120,COMP21111,COMP24011,COMP24112,MATH24411,COMP31311,COMP34111,COMP34612,COMP36111,MATH29141,MATH31010,MATH32072,MATH34011,MATH37021",,
Probability I,MATH11711,https://assets-dev.manchester.ac.uk/cpip/phase-2/ug/2026/unit/?unitcode=MATH11711,10,Mandatory,1,Semester 1,Department of Mathematics,False,"This unit introduces the basic ideas and techniques of probability, including the handling of random variables and standard probability distributions and the crucial notions of conditional probability and of independence, to equip the students with the necessary knowledge required for probability related courses in their later studies","MATH27711,MATH27712,MATH27720,MATH35031",,
Fundamentals of Computation,COMP11212,https://assets-dev.manchester.ac.uk/cpip/phase-2/ug/2026/unit/?unitcode=COMP11212,10,Optional,1,Semester 2,Department of Computer Science,True,"The building of real-life computing systems, e.g. mobile phone, TV/video remote control, internet shopping, air-traffic control, internet banking, etc., is always a complex task. Mistakes can be not just annoying, but also costly and sometimes life threatening. Formal methods and techniques to support the building and understanding of such systems are essential. This course unit provides the basic computer science ideas underlying such methods. It introduces mathematical models that allow the description, verification, and analysis of computing systems and their limitations.",COMP36111,COMP11120,MATH11121
Data Science,COMP13212,https://assets-dev.manchester.ac.uk/cpip/phase-2/ug/2026/unit/?unitcode=COMP13212,10,Optional,1,Semester 2,,True,"This course unit has two objectives. The first is to introduce the student to a range of fundamental, non-trivial algotithms, and to the techniques required to analyse their correctness and running-time. The second is to present a conceptual framework for analysing the intrinsic complexity of computational problems, which abstracts away from details of particular algorithms.","COMP24011,COMP34111,COMP34612",,
Operating Systems,COMP15212,https://assets-dev.manchester.ac.uk/cpip/phase-2/ug/2026/unit/?unitcode=COMP15212,10,Optional,1,Semester 2,Department of Computer Science,True,An operating system is typically the 'lowest' layer of software in a computer. It provides an abstracted interface so that applications can run on diverse hardware without modification and it provides security which prevents misbehaving software from crashing the hardware or disturbing other tasks which may be running simultaneously. This course unit provides an introduction to the major principles of implementation of an operating system and some experience in how these features may be exploited by the 'higher' software layers.,COMP28112,,
Introduction to Ordinary Differential Equations,MATH11412,https://assets-dev.manchester.ac.uk/cpip/phase-2/ug/2026/unit/?unitcode=MATH11412,10,Optional,1,Semester 2,,False,"The unit provides a basic introduction to ordinary differential equations (ODEs) and some applications. The course will discuss both methods, including analytical as well graphical and approximate methods associated with general first and second order ODEs. Applications including simple problems drawn from many fields including Newtonian mechanics, population models, economics, biology, will be introduced, and the corresponding equations will be written down and their solutions discussed.","MATH20521,MATH24420,MATH32091,MATH35031,MATH35041",,
Statistics I,MATH11712,https://assets-dev.manchester.ac.uk/cpip/phase-2/ug/2026/unit/?unitcode=MATH11712,10,Optional,1,Semester 2,,False,"The unit introduces students to basic ideas in exploratory data analysis, parametric statistical modelling, inferential statistics, and statistical computing in R, thereby preparing them for further study in Statistics in the second and third year.","MATH27711,MATH27720",,
Groups and Geometry,MATH21120,https://assets-dev.manchester.ac.uk/cpip/phase-2/ug/2026/unit/?unitcode=MATH21120,20,Mandatory,2,Full year,Department of Mathematics,False,"Groups are abstract algebraic structures which are central to almost every area of modern pure mathematics, and also to many application areas. In geometry, they manifest themselves as the natural way to describe and study symmetry.  The course will provide an introduction to the algebraic theory of groups, and to some of their applications in geometric settings. It will also develop skills in abstract reasoning and mathematical writing, which are essential for later study in pure mathematics and also applicable in other areas.","MATH21112,MATH31061,MATH31072,MATH32010,MATH32031,MATH32052,MATH32072",,"MATH11022,MATH11121"
Logic and Modelling,COMP21111,https://assets-dev.manchester.ac.uk/cpip/phase-2/ug/2026/unit/?unitcode=COMP21111,10,Optional,2,Semester 1,Department of Computer Science,True,"The course is focused on logic, reasoning algorithms and formal methods.  In the course we cover several logics widely used in applications ranging from verification of software and hardware to mathematical reasoning. The course will cover formal aspects of propositional logic, quantified propositional logic (QBF), linear temporal logic. We study major reasoning algorithms for these logics including DPLL, tableaux, randomized algorithms, OBDDs. The course also covers formalization of problems such as state transition systems and specification and verification of properties of such systems using logic.",,,"COMP11120,MATH11121"
Database Systems,COMP23111,https://assets-dev.manchester.ac.uk/cpip/phase-2/ug/2026/unit/?unitcode=COMP23111,10,Optional,2,Semester 1,Department of Computer Science,True,"Databases are foundational, though often unseen, components of modern computing architectures, playing a critical role in both commercial and scientific contexts. Over time, data management has evolved from fragmented, application-specific file systems to organization-wide strategies that recognize data as a vital asset. In today’s competitive landscape, the ability to manage, analyse, and utilize data effectively is a key factor in organisational success. At the heart of this transformation are database management systems (DBMSs), which serve as the essential software infrastructure for managing data with reliability, consistency, and efficiency. Modern DBMSs are highly sophisticated, embodying advances in areas such as algorithms and data structures, programming language theory, conceptual modelling, concurrency control, and distributed computing. These systems are designed to support a wide range of applications, from transactional systems to data analytics, while ensuring security, scalability, and performance. This course explores databases as a unifying, data-centric traversal of many of the most exciting topics in modern computing. Students will learn the principles and techniques that underpin the design, implementation, and management of databases, with a particular focus on the relational model, SQL, and database normalization. They will also explore the integration of databases with web and other front-end systems, gaining practical experience in building database-driven applications. In addition, the course examines advanced topics such as transaction management, database security, and alternative database paradigms like NoSQL systems. By combining theory with hands-on practice, students will develop the skills needed to design robust databases, write advanced queries, and apply database technologies to solve real-world problems effectively.",COMP38311,,
Software Engineering 1,COMP23311,https://assets-dev.manchester.ac.uk/cpip/phase-2/ug/2026/unit/?unitcode=COMP23311,10,Optional,2,Semester 1,Department of Computer Science,False,"While software engineering tends to involve a lot of programming, it is not synonymous with programming. Software Engineering is more concerned with the processes that are involved in the definition, creation, improvement, deployment, and maintenance of software artifacts. The course is a mixture of theoretical and practical work. The course allows students the opportunity to not only acquire the technical skills beneficial to a career in Software Engineering, but to also develop a critical understanding of how various social and technical phenomena may affect the profession going into the future.","COMP23412,COMP33312,COMP33511",,"COMP16321,COMP16412"
Software Engineering 2,COMP23412,https://assets-dev.manchester.ac.uk/cpip/phase-2/ug/2026/unit/?unitcode=COMP23412,10,Optional,2,Semester 2,Department of Computer Science,False,"This course prepares you to build interactive, real-world web applications using modern development frameworks and team-based agile practices. You will work in a simulated software company, with weekly requirements from ‘customers’ (your lecturers) that range from precise to deliberately ambiguous – just like the real world. Working in teams, you will learn to break down requirements, clarify ambiguity through customer engagement, and deliver high-quality software through continuous integration and testing. Along the way, you will develop fluency in an industry-standard framework, navigating documentation and architectural patterns to solve evolving challenges. What you will gain: Real-world experience in team-based software engineering. Confidence working with a modern web development framework. Skills in requirements analysis, rapid learning, and iterative development. The ability to build and test usable, robust web applications. Hands-on experience working with APIs – both consuming and creating them. You will leave the course ready to hit the ground running in a professional development team.","COMP33312,COMP33511",,COMP23311
Introduction to AI,COMP24011,https://assets-dev.manchester.ac.uk/cpip/phase-2/ug/2026/unit/?unitcode=COMP24011,10,Optional,2,Semester 1,Department of Computer Science,True,"The Unit constitutes an introduction to the field of Artificial Intelligence, aiming at once to give a broad overview of the subject and to serve as a basis for more detailed third year courses, particularly, COMP34111 (AI and Games), COMP34212 (Cognitive Robotics), COMP34812 (Natural Language Understanding) and COMP37212 (Computer Vision).",COMP24412,,"COMP11120,COMP13212,MATH11121"
Machine Learning,COMP24112,https://assets-dev.manchester.ac.uk/cpip/phase-2/ug/2026/unit/?unitcode=COMP24112,10,Optional,2,Semester 2,Department of Computer Science,True,"The unit will cover the following. A general introduction to key concepts in machine learning and the development of the field. Essential knowledge on how to build a supervised machine learning system, including classification and regression, with respect to model architecture (e.g., instance-based model, linear model, linear basis function model, kernel methods, single- and multi-layer perceptrons, convolutional neural network etc.), loss functions (e.g., sum of squares error, regularisation, cross-entropy, etc.), and optimisation approaches for training (e.g., basic optimality conditions, (stochastic) gradient descent, etc.). Basic knowledge on different types of machine learning models (e.g., parametric, non-parametric, deterministic and probabilistic models). Essential knowledge on clustering analysis for grouping similar objects. Essentials on how to measure performance of a machine learning system for classification, regression and clustering. Basics on machine learning phenomena like bias and variance issues, over-fitting and under-fitting. Essential knowledge and practical skills on how to perform machine learning experiments, and on data usage for model training, model selection and model testing. The teaching content is divided into ten chapters: •    Machine Learning Basics •    k-Nearest Neighbours •    Machine Learning Experiments •    Typical Machine Learning Models •    Loss Functions •    Training and Optimisation •    Artificial Neural Networks •    Deep Learning and Convolutional Neural Networks •    Unsupervised Learning •    Machine Learning Applications The course has a fair amount of mathematical and algorithmic content and is intended to be self-contained. The lab work is based on Python.","COMP34312,COMP34612,COMP34711",,"COMP11120,MATH11121"
Knowledge Based AI,COMP24412,https://assets-dev.manchester.ac.uk/cpip/phase-2/ug/2026/unit/?unitcode=COMP24412,10,Optional,2,Semester 2,Department of Computer Science,True,"Intelligent systems need to be able to represent and reason about the world. This course provides an introduction to the key ideas in knowledge representation and different types of automated reasoning. The course is a mixture of theoretical and practical work: at the end of the course students will know the principles that such systems use, and they will have experience of implementing those principles in running systems.",,COMP24011,
Programming Languages & Paradigms,COMP26020,https://assets-dev.manchester.ac.uk/cpip/phase-2/ug/2026/unit/?unitcode=COMP26020,20,Optional,2,Full year,Department of Computer Science,False,There is a variety of programming languages designed with different features aiming to address different types of problems. The unit is an advanced course for students who have already mastered one programming language. It is trying to consider the broad spectrum of different programming paradigms and how these can be used and translated.,,,"COMP16321,COMP16412"
Algorithms and Data Structures,COMP26120,https://assets-dev.manchester.ac.uk/cpip/phase-2/ug/2026/unit/?unitcode=COMP26120,20,Optional,2,Full year,Department of Computer Science,False,"This course unit covers fundamental material in Computer Science concerning algorithms and their correctness and performance. It is a two-semester practical course, with core content delivered via video and reading resources. These are supplemented with face-to-face synchronous sessions to consolidate the material, considerable practical experience delivered via both formative and summative coursework, and tutorial/drop-in lab support. The student is expected to seek out material to support work on the course, thus contributing to developing ""algorithmic literacy"".   Syllabus Algorithms - what they are and how to express them (in pseudocode and selected programming languages). Practical experience in devising, assessing and using algorithms: •    considerable practice in algorithmic problem solving for realistic problems •    examples from a wide range of application areas •    finding appropriate algorithms and data-structures •    inventing appropriate algorithms and data-structures Practical experience in 'algorithmic literacy' - knowing how to use the extensive literature on the subject, recognising what algorithms to use in applications and assessing their utility. A range of basic data structures: arrays, lists, trees (including ordered and balanced trees and heaps), and various kinds of graphs. Representations of basic data structures in programming languages. A range of basic algorithms: searching and sorting algorithms, tree traversal and manipulation algorithms, some basic graph algorithms. Other algorithmic areas will be explored through practical examples. An introduction to algorithmic performance: space and time requirements, worst-case, average-case and best case estimates. Practical experience and techniques for measuring and predicting performance: Counting operations. Scaling and some common rates of growth. Reasoning about algorithms - experience in informally reasoning about algorithms to establish correctness.",COMP36111,,"COMP16321,COMP16412"
Introduction to Visual Computing,COMP27112,https://assets-dev.manchester.ac.uk/cpip/phase-2/ug/2026/unit/?unitcode=COMP27112,10,Optional,2,Semester 2,Department of Computer Science,True,"The field of Visual Computing brings together two fundamentally important aspects of modern computing: Computer Graphics - concerned with the synthesis of images from computer models - and Image Processing, which deals with analysis and understanding of images by computers. There are now considerable overlaps between these two, traditionally separate, fields of research and their applications. The Visual Computing theme consists of the following course units: •    Year 2: Introduction to Visual Computing (Computer Graphics and Image Processing) (10 credits) •    Year 3: Graphics & Virtual Environments (10 credits) •    Year 3: Computer Vision (10 credits) The second-year Introduction to Visual Computing unit covers the following topics. Image Transformations (2 weeks) Image representations: resolution, colour models. Image transformations: point transformations (brightness, contrast, grey-level mapping, windowing, colour transformations and colour spaces) and geometrical transformations (including camera calibration). This part also describes some of the history and applications of image processing. Image Enhancement (3 weeks) Local processes, convolution, image smoothing (local averaging, weighted averaging), size of support, Gaussian mask. Edge enhancement (sharpening). Edge detection (Prewitt, Sobel, Canny, Marr-Hildreth), Line detection (Hough transform). Thresholding, blob detection, simple measurement (geometrical features such as perimeter and area). Rank order filters (median, max-min). This part also describes image file formats, camera exposure and image compression. Fundamentals (1 week) 2 and 3 D Coordinate systems. Vectors, matrices and basic vector/matrix operations. 2 and 3D geometric transformations (translation, rotation, scaling, affine). 3D Modelling and Illumination (4 weeks) The programmable graphics pipeline. 3D graphics primitives, meshes, models, and scene graphs. Rasterisation and hidden surface removal. The camera model, viewing and projection. Local illumination: ambient, diffuse, specular. Gouraud and Phong shading. Writing shaders with GLSL. Surface detail: textures, bump mapping.","COMP37111,COMP37212",,
Distributed Systems,COMP28112,https://assets-dev.manchester.ac.uk/cpip/phase-2/ug/2026/unit/?unitcode=COMP28112,10,Optional,2,Semester 2,,True,"The course unit assumes that students already have a solid understanding of the main principles of computing within a single machine, have a basic understanding of the issues related to machine communication and networking, and have a notion of what distributed computing is. The syllabus will contain topics covering the fundamentals of distributed computing, its application in modern systems and issues to be considered when designing distributed systems.",COMP38311,,"COMP16412,COMP15212"
Principles of Mathematical Modelling,MATH20521,https://assets-dev.manchester.ac.uk/cpip/phase-2/ug/2026/unit/?unitcode=MATH20521,10,Optional,2,Semester 1,Department of Mathematics,False,The Principles of Mathematical Modelling course is designed to provide students with a core and implementable knowledge of how mathematics can be used at the interdisciplinary interface.,,,"MATH11411,MATH11422,MATH11412"
Introduction to Financial Mathematics,MATH20912,https://assets-dev.manchester.ac.uk/cpip/phase-2/ug/2026/unit/?unitcode=MATH20912,10,Optional,2,Semester 2,Department of Mathematics,False,"This course is intended to serve as a basic introduction to financial mathematics. It gives a mathematical perspective on the valuation of financial instruments (futures, options, etc.) and their risk-management. The purpose of the course is to introduce students to the stochastic techniques employed in derivative pricing.",MATH39032,,
Metric Spaces,MATH21111,https://assets-dev.manchester.ac.uk/cpip/phase-2/ug/2026/unit/?unitcode=MATH21111,10,Optional,2,Semester 1,Department of Mathematics,False,"A metric space is a set together with a good definition of the distance between each pair of points in the set. Metric spaces occur naturally in many parts of mathematics, including geometry, fractal geometry, topology, functional analysis and number theory. This lecture course will present the basic ideas of the theory, and illustrate them with a wealth of examples and applications.    This course unit is strongly recommended to all students who intend to study pure mathematics and is relevant to all course units involving advanced calculus or topology.",MATH31010,,
Rings & Fields,MATH21112,https://assets-dev.manchester.ac.uk/cpip/phase-2/ug/2026/unit/?unitcode=MATH21112,10,Optional,2,Semester 2,School of Mathematics,True,"The unit covers - properties of the integers including the division theorem, greatest common divisor and prime factorisation - definition of a ring and subrings with standard examples including number rings, modular rings, matrix rings and polynomial rings - special types of rings and elements, including domains, division rings, fields, zero divisors, units and nilpotent elements - homomorphisms and isomorphisms of rings - ideals of rings - quotient rings and isomorphism theorems - polynomial rings and factorisation - constructing roots of polynomials, Kronecker’s Theorem and extension fields.","MATH32010,MATH32062,MATH32072",MATH21120,
Numerical Analysis 1,MATH24411,https://assets-dev.manchester.ac.uk/cpip/phase-2/ug/2026/unit/?unitcode=MATH24411,10,Optional,2,Semester 1,Department of Mathematics,False,"Numerical analysis is an important branch of applied mathematics that is concerned with finding numerical (or approximate) solutions to problems for which analytical solutions either do not exist or are not readily or cheaply obtainable. This course provides an introduction to the field, focusing on the three core topics of: interpolation, quadrature and iterative methods. The unit starts with a study of interpolation schemes, methods for approximating functions (of one variable) by polynomials, and then quadrature schemes, numerical methods for approximating integrals (of functions of one variable). The second half of the unit looks at solving systems of linear equations and finding roots of non-linear equations via iterative techniques. In the case of linear systems, examples will be drawn from the numerical solution of differential equations via finite difference schemes. Students will learn about practical and theoretical aspects of all the algorithms introduced in the unit. Insight into the algorithms will be given through demonstrations in MATLAB as well as via computational exercises.","MATH36022,MATH36160",MATH24420,"MATH11022,MATH11121"
Fluid Mechanics,MATH24412,https://assets-dev.manchester.ac.uk/cpip/phase-2/ug/2026/unit/?unitcode=MATH24412,10,Optional,2,Semester 2,Department of Mathematics,False,"The primary aim of this course unit is to provide students with a first introduction to continuum mechanics in general and theoretical fluid mechanics in particular. The material provides the student with an essential background to many third and fourth level courses on physical applied mathematics. Fluid mechanics is concerned with understanding, and hence predicting, the properties (pressure, density, velocity etc.) of liquids and gases under external forces. This subject provides one of the major modern areas for the successful practical application of mathematics. Water, blood, air are all examples of fluids; of the many diverse fields where an understanding of the motion of fluids is important, one can mention oceanography and meteorology (in particular the dynamics of ocean circulation and weather forecasting), biological fluid dynamics (for example, blood flows through arteries), and aerodynamics. The main physical focus at the end of the course is to calculate the forces on a body moving in a fluid e.g. aeroplane wing; the same study also relates to the behaviour of balls in football, cricket and golf, and of boomerangs and frisbees.",,MATH24420,
Partial Differential Equations & Vector Calculus,MATH24420,https://assets-dev.manchester.ac.uk/cpip/phase-2/ug/2026/unit/?unitcode=MATH24420,20,Optional,2,Full year,Department of Mathematics,False,"Syllabus: Section 1: Introduction and motivation. What are PDEs? Why study them? Some examples and applications. Section 2: Vector calculus in orthogonal curvilinear coordinates. Introduction to general formalism of switching from Cartesian to orthogonal curvilinear coordinate systems. Basis vectors, line, surface and volume elements. Grad, div, curl and transforming to orthogonal curvilinear coordinates. Surface and volume integrals in three dimensions. Gauss (divergence) and Stokes' theorems in three dimensions.  Section 3: Classification of PDEs. Classification as order, scalar/vector, homogeneous/inhomogeneous, linear/semi-linear/quasi-linear/nonlinear. PDE type: 2nd order in two independent variables (elliptic, hyperbolic, parabolic, mixed), canonical forms.  Choice of boundary and initial conditions. Section 4: Fourier series. Motivation via trial separation of variables solution for homogeneous heat equation in 1D. General concepts of orthogonality. Fourier series, sine and cosine series and associated Fourier (Dirichlet) theorem regarding piecewise-smooth functions. Section 5: First order PDEs. Scalar first order PDEs in two variables. Method of transformations; Cauchy problem.  Method of characteristics for semi-linear and quasi-linear equations. Section 6: Separation of variables for second order PDEs. General concepts of eigenvalues/eigenfunctions, Separation of variables for homogeneous heat and wave equation with homogeneous BCs and inhomogeneous initial conditions. Separation of variables for Laplace's equation with inhomogeneous BCs. Link with Sturm Liouville eigenvalue problems. Some ideas of special functions. Section 7: Numerical solution of PDEs. Finite difference methods. Link with solutions obtained in Section 4, 6 and 7. Explicit and implicit schemes and the theta method, truncation error, stability and convergence, Crank Nicholson, convection-diffusion problems, upwind differencing.","MATH24411,MATH24412,MATH34011,MATH35012,MATH35020,MATH35041,MATH35062,MATH39032",,"MATH11411,MATH11422,MATH11412"
Linear Regression Models,MATH27711,https://assets-dev.manchester.ac.uk/cpip/phase-2/ug/2026/unit/?unitcode=MATH27711,10,Optional,2,Semester 1,School of Mathematics,False,"In many areas of science, technology and medicine, researchers are often interested in two objectives: one is to explore the relationship between one observable random response and a number of explanatory variables; the other is to analyze the variability of the responses. Many statistical techniques investigate these objectives through the use of linear regression models. This course presents the theory and practice of these models.","MATH38032,MATH38171",,"MATH11022,MATH11711,MATH11712"
Stochastic Processes,MATH27712,https://assets-dev.manchester.ac.uk/cpip/phase-2/ug/2026/unit/?unitcode=MATH27712,10,Optional,2,Semester 2,Department of Mathematics,False,"A stochastic process is a collection of random variables that describe the progression of a non-deterministic system as a function of time. Stochastic processes are used as modelling tools within a wide range of applications arising virtually in any area of modern science and engineering where randomness plays a role. The unit aims to present the most important classes of stochastic processes by focusing on the fundamental examples, describing the meaning of their sample paths, and explaining their role in modelling specific science and/or engineering phenomena. These classes of stochastic processes are of fundamental interest in (i) Mathematical Finance, (ii) Actuarial Science, and (iii) Statistics, in addition to being of interest in themselves as fundamental entities of modern (iv) Probability Theory that provide fascinating connections to (v) Mathematical Analysis. Syllabus: (with approximate times) 1. Introduction (stochastic process, sample path, increment, marginal     law, first entry time) [1 week] 2. Random walk (definition, basic properties, marginal law, examples     of application) [3 weeks] 3. Poisson process (definition, basic properties, marginal law, examples     of application) [3 weeks]  4. Wiener process [Brownian motion] (definition, basic properties, marginal     law, examples of application) [3 weeks]  5. Stationary process (definition, covariance function, examples of     application) [1 week]",,MATH27720,MATH11711
Probability and Statistics 2,MATH27720,https://assets-dev.manchester.ac.uk/cpip/phase-2/ug/2026/unit/?unitcode=MATH27720,20,Optional,2,Full year,Department of Mathematics,False,"The first part of this unit continues the development of Probability theory from Year 1 and provides an important basis for many later courses in Probability and Finance.    The second part of this course unit provides students with the methodological foundations in model-based statistical learning, in particular likelihood estimation and inference and Bayesian learning. The theoretical and methodological discussions are complemented by practical computer application.","MATH27712,MATH37002,MATH37011,MATH37021,MATH38032,MATH38072,MATH38161,MATH38171",,"MATH11711,MATH11712"
Third Year Project Laboratory,COMP30030,https://assets-dev.manchester.ac.uk/cpip/phase-2/ug/2026/unit/?unitcode=COMP30030,30,Mandatory,3,Full year,Department of Computer Science,False,"Various types of project are possible as long as it is in the general area of Computer Science. Examples include software design and development, hardware design and development, mathematics, teaching, and research. Students can choose from a large selection of project proposals provided by project supervisors (the student makes three choices and will be assigned one by an allocation system). Alternatively, the student can write their own proposal and find a project supervisor to supervise the project. Students will attend weekly group meetings with their supervisor to receive support and to demonstrate the achievements each week which can later be used as part of the assessment process. Because the projects are varied, the type of learning depends on the project. For example, if a student chooses a Machine Learning project, they would need to manage their own learning in that area. Even if a project is chosen that is in an area that was studied in another unit, it is almost certain that extra learning will be required for the specific project. Materials (textual and video) are provided on various aspects of project work, such as on project planning, ethics, and report-writing. Students might use some of these resources at the start of the project, and others, like report-writing, later on in the year. The main aims for the project work done in the third year are: •    To manage and execute a substantial project in a limited time. •    To identify and learn whatever new skills are needed to complete the project. •    To apply design and engineering skills in the accomplishment of a single task. In this context the skills mentioned may be in the general area of design and engineering in its broadest sense, or may be very specifically related to particular tools. •    To effectively communicate (verbally and in writing) all aspects of the produced work.",,,
Giving Meaning to Programs,COMP31311,https://assets-dev.manchester.ac.uk/cpip/phase-2/ug/2026/unit/?unitcode=COMP31311,10,Optional,3,Semester 1,,True,"Programming languages provide abstractions such as `functions’ which are supposed to allow us to reason about the code at a high level---without running it in our heads. However, these abstractions don’t necessarily behave in the way their names suggest. In this unit we show that a mathematical theory of program meanings can be developed which encompasses the counter-intuitive behaviour of computations, but preserves our ability to reason abstractly. The machinery required is significant, and delicate at times, and the unit will introduce the fundamental technical tools which help us cope with these complications.",,,"MATH10111,COMP11120,MATH11121"
Agile Software Pipelines,COMP33312,https://assets-dev.manchester.ac.uk/cpip/phase-2/ug/2026/unit/?unitcode=COMP33312,10,Optional,3,Semester 2,Department of Computer Science,False,"The approach to software development known as “agile software engineering” is now well established within the industry as the most reliable and cost-effective in all but a handful of circumstances. Agile approaches emphasise the early and frequent delivery of releasable software artefacts to the client, combined with disciplined but flexible approaches to project progress tracking, to the continuous and active collection of feedback on the success (or otherwise) of the work done so far and to the creation of high-quality code bases that are easy and safe to change. In an agile project, the first usable executable artefacts will be created very early in the project’s lifetime and may be in active use while other parts of the required functionality are still in various stages of development. New and changed functionality is delivered incrementally at short intervals throughout the duration of the project, blurring the distinction between the development and the operational project phases. While the human processes used to manage and carry out agile software engineering are highly iterative, the artefacts produced by the processes are increasingly viewed as passing through one or more linear “pipelines”, on their journey to deployment and use in the end-user environment. New models for the delivery of software (such as continuous delivery) depend upon a carefully configured technical pipeline as much as they do upon effective and efficient human design and feedback processes. In this course unit, we will examine how the combination of these iterative human processes and technical development and delivery pipelines is used to create software that provides real value and return on investment for clients and end-users, while also being of sufficiently high quality to allow frequent and sometimes substantial changes throughout the software’s lifetime. Specifically, the following topics will be covered: •    Introduction to agile methodologies •    Agile approaches to requirements management •    Agile approaches to project planning and tracking •    Agile approaches to software quality management •    DevOps practices in an agile context •    Retrospectives and agile process improvement",,,"COMP23311,COMP23412"
User Experience,COMP33511,https://assets-dev.manchester.ac.uk/cpip/phase-2/ug/2026/unit/?unitcode=COMP33511,10,Optional,3,Semester 1,Department of Computer Science,False,"You should not confuse this high-level overview of the domain with the knowledge you would acquire in a full three-year degree programme. We will cover the tools, techniques, and mindset necessary to competently approach your first user testing and user experience job. Designed from a practical perspective the unit will enable you to take a junior role in a user experience department or usability company. It will also provide you with the overall knowledge to communicate with others and make sensible suggestions regarding UX work while serving as a basis for future self-study within the UX domain (Further Reading and SAQs). In this case, the unit is composed of discussions through (a) the principles, tools, and techniques required; (b) These unit notes to expand on those principles and techniques; (c) the discussion topics to teach and test your ability to summarise, and then form a view based on a complex UX topic; and finally, (d) the secondary text which will hopefully teach you something about the general science of the area while also enabling you to critique areas and understand how and why your view has been formed (including the ability for people to have different views which may coexist).",,,"COMP23311,COMP23412"
AI and Games,COMP34111,https://assets-dev.manchester.ac.uk/cpip/phase-2/ug/2026/unit/?unitcode=COMP34111,10,Optional,3,Semester 1,Department of Computer Science,False,"The main contents of this module include:   1. What is a game? (Definition of game, pay-off function, representations in normal form, and extensive form.) 2. What is a plan for decision-making in a game context? (Definition of strategy, representations of strategy.) 3. What does it mean to play a game well? (Definition of best-response strategy, equilibrium point, discussion of the validity of these concepts, discussion of alternatives.) 4. Properties of the Nash equilibrium. (How it incentivizes bad outcomes to prevent opponents from taking advantage.) 5. How do we find good game plans? (Complexity of finding equilibrium points, minimax algorithm, alpha-beta pruning, discussion of the components of a typical game playing program via evaluation function and alpha-beta search) 6. How do we learn good game plans? (Introduction to Exploration & Exploitation, learning through ""self-play"", Monte Carlo Tree Search and AlphaGo.)",COMP34612,,"COMP11120,COMP13212,MATH11121,MATH10111"
Cognitive Robotics,COMP34212,https://assets-dev.manchester.ac.uk/cpip/phase-2/ug/2026/unit/?unitcode=COMP34212,10,Optional,3,Semester 2,,True,"This unit provides an in-depth understanding of the field of cognitive robotics. This will analyse the selection, use and combination of methods and approaches in robotics, in artificial intelligence and in psychology and neuroscience to design intelligent behaviour and cognitive skills in interactive robots.",,,
Mathematical Topics in Machine Learning,COMP34312,https://assets-dev.manchester.ac.uk/cpip/phase-2/ug/2026/unit/?unitcode=COMP34312,10,Optional,3,Semester 2,Department of Computer Science,True,"Topic 1: Empirical risk minimization, regularisation; bias/variance theory and the relation to overfitting; probabilistic view: likelihood vs loss, introducing exponential families.   Topic 2: Information theory: KL-divergence vs. cross-entropy, mutual information; the view of ML as compression.   Topic 3: Optimization theory (calculus). Why GD?  What are convex and non-convex functions? How do gradients inform how we optimize a function? How can we use second order properties? How can we prove whether a method will converge?   Topic 4: Dimensionality reduction (matrix algebra). “refine, denoise, and visualise your data”.  Data usually has limited degrees of interest, living on a low-dimensional manifold within a high-dimensional space. This topic will introduce students to matrix-algebra-intensive methods used to learn feature dimensions that can aid in your model fitting process. Examples include PCA, spectral embedding, Fisher discriminant analysis, etc. These allow visualisation, denoising and enhancing the separation of data for classification.",,,COMP24112
Computational Game Theory,COMP34612,https://assets-dev.manchester.ac.uk/cpip/phase-2/ug/2026/unit/?unitcode=COMP34612,10,Optional,3,Semester 2,Department of Computer Science,False,"There has been a substantial grow of research activity at the boundaries of game theory, artificial intelligence, economics, computer science, and a number of other disciplines in recent years. The reasons behind this are twofold: On the one hand, game theory and its applications raise many important and challenging computing, learning, and communication problems to CS and AI; On the other hand, game theory provides important insights and powerful frameworks to a number of CS topics, including AI, Multi-agent systems, computer networks as well as many others.   The main contents of this module include: 1) To introduce the concepts and computational solutions for non-cooperative and cooperative game theory with their applications 2) To introduce the machine learning techniques to solve the learning issues arise from the applications of game theory with their applications 3) To introduce the mechanism design (the reverse game theory) and its applications for the design of the rules of a game   The module includes a major piece of coursework (a group project run over 5 weeks) to apply game theory and learning methods covered to solve the pricing game problem.",,COMP34111,"COMP11120,COMP13212,COMP24112,MATH11121,MATH10111"
Natural Language Processing,COMP34711,https://assets-dev.manchester.ac.uk/cpip/phase-2/ug/2026/unit/?unitcode=COMP34711,10,Optional,3,Semester 1,Department of Computer Science,False,"This course unit will cover the key linguistic and algorithmic foundations of natural language processing (NLP). It will explore the main challenges in processing textual data, representing word and document semantics, and processing and identifying patterns in speech. It will consider both rule-based and machine/deep learning approaches, and building and using large language models for specific tasks, including applications such text classification, word sense disambiguation, speech synthesis and speech recognition. The syllabus will cover the following topics:   •    Introduction to NLP •    Lexical Semantics   •    Language Models •    Deep Learning for NLP •    Speech Synthesis and Recognition •    NLP Applications •    Ethical Considerations for NLP",COMP34812,,COMP24112
Natural Language Understanding,COMP34812,https://assets-dev.manchester.ac.uk/cpip/phase-2/ug/2026/unit/?unitcode=COMP34812,10,Optional,3,Semester 2,Department of Computer Science,False,"Drawing from concepts covered in the prerequisite COMP34711: Natural Language Processing unit, this unit will enable students to look more deeply into how machines analyse and recognise meaning expressed in natural language. In this unit, students will gain hands-on experience in investigating solutions to a number of natural language understanding tasks. This will provide students with the know-how required to develop technologies for real-world applications enabling communication between humans and machines, which have become increasingly ubiquitous and indispensable.",,,COMP34711
Algorithms and Complexity,COMP36111,https://assets-dev.manchester.ac.uk/cpip/phase-2/ug/2026/unit/?unitcode=COMP36111,10,Optional,3,Semester 1,Department of Computer Science,True,"The Unit constitutes a self-contained introduction to the theory of Computational Complexity. It assumes no pre-requisites other than a knowledge of basic algorithms and mathematical notation. The teaching will be exclusively by means of traditional lectures, supported by the prescribed course text.",,,"COMP11120,COMP11212,COMP26120,MATH11121,MATH10111,MATH10101"
Mathematical Systems and Computation,COMP36212,https://assets-dev.manchester.ac.uk/cpip/phase-2/ug/2026/unit/?unitcode=COMP36212,10,Optional,3,Semester 2,Department of Computer Science,True,"Mathematical systems can be used to describe many aspects of the world around us, from modelling physics and chemistry, to predicting financial markets and enabling machine learning and AI. By modelling systems mathematically it is possible to analyse them, and make predictions about their performance and how it can be optimised. Solution of these mathematical systems often relies on computational hardware and the application of algorithms which solve an approximate form of the problem. It is therefore important to understand the limitations imposed by the computational implementation of a given problem, and the effect this can have on a given solution.   The course explores these concepts from three perspectives: by introducing the notion of finite precision computation and error propagation within a computational process; through exploring techniques for the numerical solution of differential equations; and through the use of optimisation algorithms to maximise the performance of a solution to a given problem. These techniques are then applied to real-world problems, including physical and engineering systems, and machine learning operations within neural networks. The course targets students seeking to gain experience of how numerical computation is employed in industry and research, and who want a deeper understanding of how numerical algorithms and hardware combine when solving problems. It will help develop the skills necessary to work at the hardware-software interface, and in harnessing the power of hardware accelerators and modern computer architectures to develop fast, accurate and precise analysis tools.",,,COMP11120
Graphics & Virtual Environments,COMP37111,https://assets-dev.manchester.ac.uk/cpip/phase-2/ug/2026/unit/?unitcode=COMP37111,10,Optional,3,Semester 1,Department of Computer Science,False,This Course Unit covers the principles of modern Computer Graphics from creation modelling of scenes through to animation and rendering with a particular focus on the quality and performance issues relating to the various techniques.,,,COMP27112
Computer Vision,COMP37212,https://assets-dev.manchester.ac.uk/cpip/phase-2/ug/2026/unit/?unitcode=COMP37212,10,Optional,3,Semester 2,,False,,,,"COMP27112,COMP11120"
Advanced Distributed Systems,COMP38311,https://assets-dev.manchester.ac.uk/cpip/phase-2/ug/2026/unit/?unitcode=COMP38311,10,Optional,3,Semester 1,Department of Computer Science,False,Distributed Systems: The Big Picture   Categories and Characteristics   Historical Perspective   Architectural Paradigms   Cloud Computing Concepts and Economics Resource Management   Provisioning   Scheduling   Load Balancing   Energy Management   Quality of Service Big Data as an Application Driver      Big Data: Drivers and the 4Vs      Batch: MapReduce      I nteractive: NoSQL     Streaming,,,"COMP23111,COMP28112"
Quantum Computing,COMP39112,https://assets-dev.manchester.ac.uk/cpip/phase-2/ug/2026/unit/?unitcode=COMP39112,10,Optional,3,Semester 2,,True,"Quantum computing is one of the most intriguing of modern developments at the interface of computing, mathematics and physics, whose long term impact is far from clear as yet.",,,
2P1: Complex Analysis,MATH29141,https://assets-dev.manchester.ac.uk/cpip/phase-2/ug/2026/unit/?unitcode=MATH29141,10,Optional,2,Semester 1,,False,"This course introduces the analysis of complex functions of a complex variable.  Complex differentiability is a very strong condition, and differentiable (or holomorphic or regular) functions have many strong properties.  Integration is along paths in the complex plane. The central result of this spectacularly beautiful part of mathematics is Cauchy’s Theorem guaranteeing that certain integrals along closed paths are zero.  After studying properties of isolated singularities of functions, Cauchy’s theorem leads to useful techniques for evaluating real integrals based on the ‘calculus of residues’ (problems unsolvable by other means).   Syllabus: A.    Complex functions: Domains and paths in the complex plane. Differentiation and the Cauchy-Riemann equations; holomorphic functions. Path integrals and the Fundamental Theorem of contour integration.  B.    Power series: Power series and their radius of convergence. Derivatives and integrals of power series. Elementary functions such as exp, sin, cos, sinh, cosh and log. C.    Cauchy’s Theorem and Formula: Winding numbers, Cauchy’s theorem, Cauchy’s integral formula and the estimation lemma.  D.    Taylor and Laurent series: The Cauchy-Taylor theorem, Liouville’s theorem, Laurent’s theorem and calculation of Laurent series. E.    Residues: Isolated singularities, poles and their residues; Cauchy’s residue theorem. Applications of the residue theorem to the evaluation of trigonometric integrals, integrals over the real line, and summation of series.",,,MATH11121
Mathematics Education,MATH30002,https://assets-dev.manchester.ac.uk/cpip/phase-2/ug/2026/unit/?unitcode=MATH30002,10,Optional,3,Semester 2,,False,"This unit provides opportunities for anyone interested in mathematics education to find out more. Suitable for both those considering becoming a teacher, or those who are fascinated in how people learn mathematics and understanding why it is such an emotive subject. The course will include collaborative group work, reflection on personal experience and classroom observation.",,,
Topology and Analysis,MATH31010,https://assets-dev.manchester.ac.uk/cpip/phase-2/ug/2026/unit/?unitcode=MATH31010,20,Optional,3,Full year,,False,"Topology provides the tools to study properties of shapes that are not affected by manipulations such as bending, stretching, or twisting. Such properties include compactness of the shape, whether the shape is connected, and how many holes the shape has. Topology is important in fields like algebraic geometry, functional analysis, theoretical physics, and has found successful applications in data analysis and computing. Topological spaces also provide a foundation for analysis in settings where metrics are either not available or not immediately apparent, such as that of linear functionals on Banach spaces and bounded linear operators. The theory of linear operators is fundamental in areas such as partial differential equations, quantum physics, and representation theory.  This unit will introduce the concept of a topological space; describe how shapes such as Klein bottles, Möbius bands, and tori can be thought of as topological spaces; cover various ways in which topological spaces can be distinguished; and cover some more advanced concepts in topology. It will then use some key topological ideas to develop the theory of Banach spaces and the operators between them; to equip spaces of operators with topologies; and to understand the spectra of such operators, concluding with applications to other parts of mathematics.",,,"MATH21111,MATH11121"
Analysis and Geometry in Affine Space,MATH31061,https://assets-dev.manchester.ac.uk/cpip/phase-2/ug/2026/unit/?unitcode=MATH31061,10,Optional,3,Semester 1,,False,"Differential and integral calculus, whose origins go back to Newton and Leibniz and their predecessors, has undergone spectacular development in the past centuries to become modern analysis deeply related with multidimensional geometry, topology and abstract algebra. In one aspect, however, it remains close to the founding fathers, namely, in being grounded in applications such as in physics. The course aims to emphasize both abstract and applied sides and to give skills and knowledge for later studies including other year 3 and year 4 courses.",MATH31072,,"MATH21120,MATH20111,MATH20101"
Differential Geometry of Curves and Surfaces,MATH31072,https://assets-dev.manchester.ac.uk/cpip/phase-2/ug/2026/unit/?unitcode=MATH31072,10,Optional,3,Semester 2,School of Mathematics,False,"This unit will be presented as an introduction to Differential Geometry, where the main focus will be on Curves and Surfaces in two- and three-dimensional Euclidean space. As a mathematical discipline, Differential Geometry explores the geometry of smooth shapes. To do this, it uses tools from various areas of mathematics, such as differential calculus, integral calculus and linear algebra. In Differential Geometry we use analytic and algebraic techniques to formalise the intuitive notions of distance, angle and curvature to study the extrinsic properties of curves (parameterised by arc length). Some of these properties are then used more generally to study the intrinsic and extrinsic properties of surfaces. For instance, since the time of Euclid it was understood that a straight line provides the shortest distance between two points; however, how do you find this distance if the points lie in the surface of the earth (which is not flat). This leads to the important concept of geodesics where one uses the idea that great circles are locally similar to straight lines in a flat plane. In this module we will explore several notions around smooth parameterised curves, such as tangent vectors, curvature, osculating planes, and the Frenet moving frame. We will then move to the study of parametric surfaces where we discuss tangent planes, parallel transport, curvatures, geodesics, fundamental forms, Christoffel symbols, and the Gauss-Bonnet theorem.  Many examples will be presented throughout.",,,"MATH31061,MATH21120,MATH20132"
Advanced Algebra,MATH32010,https://assets-dev.manchester.ac.uk/cpip/phase-2/ug/2026/unit/?unitcode=MATH32010,20,Optional,3,Full year,School of Mathematics,False,"Algebra is one of the fundamental areas of mathematics. Through algebraic structures common to many different areas, it allows to formalise and link disparate mathematical ideas as well as to study them in great depth. Three of the most important and ubiquitous structures are groups, rings and modules. We build to two of the fundamental results in the algebra: Sylow’s theorems for finite groups; and the structure theorem for modules over principal ideal domains, as well giving a glimpse into the world of finite simple groups.",,,"MATH21120,MATH21112,MATH20201,MATH20212"
Coding Theory,MATH32031,https://assets-dev.manchester.ac.uk/cpip/phase-2/ug/2026/unit/?unitcode=MATH32031,10,Optional,3,Semester 1,Department of Mathematics,False,"Coding theory plays a crucial role in the transmission of information. Due to the effect of noise and interference, the received message may differ somewhat from the original message which is transmitted. The main goal of Coding Theory is the study of techniques which permit the detection of errors and which, if necessary, provide methods to reconstruct the original message. The subject involves some elegant algebra and has become an important tool in banking and commerce.",,,"MATH21120,MATH20201"
Hyperbolic Geometry,MATH32052,https://assets-dev.manchester.ac.uk/cpip/phase-2/ug/2026/unit/?unitcode=MATH32052,10,Optional,3,Semester 2,Department of Mathematics,False,"Consider the Euclidean plane  R 2 . If we take a straight line  L  and a point  p  not on that line, then there is a unique straight line through  p  that never intersects  L  (draw a picture!). This is Euclid's parallel postulate. Euclid introduced several axioms for what is now called Euclidean geometry (that is, geometry in  R 2  or more generally in R n  and a great deal of effort was employed in attempting to prove that these axioms implied the parallel postulate. However, in early 19th century, the hyperbolic plane was introduced as a setting in which Euclid's axioms hold but the parallel postulate fails: there may be infinitely many ""straight"" lines through a point that do not intersect a given ""straight"" line. Today, hyperbolic geometry is a rich and active area of mathematics with many beautiful theorems (and can be used to generate very  attractive pictures ) This course provides an introduction to hyperbolic geometry. We start by discussing what is meant by ""distance"" and what is ""straight"" about a straight line in the Euclidean plane  R 2 . We then give an introduction to the hyperbolic plane. Topics include: distance and area in the hyperbolic plane, distance-preserving maps, hyperbolic trigonometry and hyperbolic polygons. The collection of all distance-preserving maps forms a group. The second part of the course studies a particular class of such groups, namely Fuchsian groups. By using a very beautiful theorem called Poincaré's Theorem, we will describe the connections between such groups and tessellations (tilings) of the hyperbolic plane. The emphasis here will be on how to calculate with and apply Poincaré's Theorem, rather than on rigorous proofs. One aim of the course is to show how results and techniques from different areas of mathematics, notably geometry, algebra and analysis, can be used coherently in the study of a single topic.",,,MATH21120
Algebraic Geometry,MATH32062,https://assets-dev.manchester.ac.uk/cpip/phase-2/ug/2026/unit/?unitcode=MATH32062,10,Optional,3,Semester 2,Department of Mathematics,False,"Algebraic geometry studies objects called varieties defined by polynomial equations. A very simple example is the hyperbola defined by the equation xy = 1 in the plane. There is a way of associating rings to varieties, and then the geometric properties can be studied using algebra, for example points correspond to maximal ideals, or the geometry of the variety can give information about certain algebraic properties of the ring. Algebraic geometry originated in nineteenth century Italy, but it is still a very active area of research. It has close connections with algebra, number theory, topology, differential geometry and complex analysis.",,,"MATH11022,MATH21112,MATH10202,MATH10212,MATH20212"
Number Theory,MATH32072,https://assets-dev.manchester.ac.uk/cpip/phase-2/ug/2026/unit/?unitcode=MATH32072,10,Optional,3,Semester 2,Department of Mathematics,False,"Number theory is arguably one of the oldest and most fascinating branches of mathematics. This fascination stems from the fact that there are a great many theorems concerning the integers, which are extremely simple to state, but turn out to be rather hard to prove. Even more tantalisingly, there are many simple questions that one can ask about the integers, to which no answer is yet known. It may come as no surprise to you that many of these theorems and open problems relate to the mysterious nature of prime numbers. In this course we will use a few elementary ideas along with one or two algebraic concepts to prove some appealing statements such as every positive integer is the sum of four squares and there are infinitely many primes of the form 4n+1. We will conclude the course by mentioning a few interesting open problems.",,,"MATH11121,MATH21120,MATH21112,MATH20201"
Combinatorics and Graph Theory,MATH32091,https://assets-dev.manchester.ac.uk/cpip/phase-2/ug/2026/unit/?unitcode=MATH32091,10,Optional,3,Semester 1,Department of Mathematics,False,"A graph consists of a set of vertices with a set of edges connecting some pairs vertices. Depending on the context, the edges may represent a mathematical relation, two people knowing each other or roads connecting towns, etc. The graph theory part of the course deals with networks, structure of graphs, and extremal problems involving graphs.   The combinatorial half of this course is concerned with enumeration, that is, given a family of problems P(n), n a natural number, find a(n), the number of solutions of P(n) for each such n. The basic device is the generating function, a function F(t) that can be found directly from a description of the problem and for which there exists an expansion in the form F(t) = sum {a(n)gn(t); n a natural number}. Generating functions are also used to prove a family of counting formulae to prove combinatorial identities and obtain asymptotic formulae for a(n).",,,"MATH11022,MATH11422,MATH11412"
Mathematical Logic,MATH33021,https://assets-dev.manchester.ac.uk/cpip/phase-2/ug/2026/unit/?unitcode=MATH33021,20,Optional,3,Semester 1,,False,"The course captures the beginning of first order logic and leads up to applications of Mathematical Logic in Algebra and Analysis. In Set Theory we will first give a non-axiomatic approach to infinite numbers and how to do basic calculations with them. Historically this is how the subject began, when G. Cantor realised that ordinary arithmetic can be extended to the infinite. We will focus on ordinal and cardinal numbers and start with a brief introduction to ordered sets. In Predicate Logic we will set up so called first order languages in which mathematics can be formalized and mathematical methods can be applied. Hence the informal notion of a ’formula’ will become a mathematical object, amenable to tools and methods from the subject. For example one can ask if there is a computer, which in principle is able to find all true statements about mathematics (this was a driving force at the beginning of the discipline). It turned out that such a computer cannot exist. The crux here is that this statement has a rigorous mathematical proof, which necessitates the translation of clauses like “true statements about mathematics” and “can be proved” into mathematical statements itself. This part of the course will give a thorough exposition of this translation together with the fundamental theorems saying that the translation is correct (Soundness Theorem) and optimal (Completeness Theorem). General mathematical structures (like groups, vector spaces or ordered sets) will be used to exemplify formulas of first order logic. A formula can be thought of a generalisation of an equation, but now we are also allowing quantifiers. The tools developed in the course will be used to analyse solution sets of such formulas (called ’definable sets’). Furthermore the methods allow a classification of mathematical structures according to the properties of their definable sets. This for example connects a priori different looking structures (think of a group and an ordered set) in surprising ways. The course will make first steps in this direction with illustrations in the complex and the real field. After having established the fundamentals of Predicate Logic we will revisit Set Theory from an axiomatic point of view. We state and discuss Zermelo Fraenkel Set Theory as well as immediate applications of the Completeness Theorem to Set Theory.",,,
Complex Analysis&Applications,MATH34011,https://assets-dev.manchester.ac.uk/cpip/phase-2/ug/2026/unit/?unitcode=MATH34011,20,Optional,3,Semester 1,,False,"This unit introduces the student to properties of regular (or analytic) functions of a complex variable. It proceeds with a study of singularities of such functions, introducing methods of contour integration and its applications to evaluating some new real integrals (problems unsolvable by other means). With this material mastered, the course unit proceeds to describe analytic continuation of real analytic functions, and applications to solving various types of differential equation using Fourier and Laplace transforms.",,,"MATH11121,MATH24420,PHYS20171"
Wave Motion,MATH35012,https://assets-dev.manchester.ac.uk/cpip/phase-2/ug/2026/unit/?unitcode=MATH35012,10,Optional,3,Semester 2,Department of Mathematics,False,"Wave motion occurs in the oceans, atmosphere and in the earth. Problems of wave production and transmission, of wave harnessing or shielding, and of detection will always be of interest. This is a large and important subject area which this course unit can only begin to study, nevertheless this beginning will contain ideas and techniques applicable to a broad range of wave motion.",,,"MATH24420,PHYS20171,MATH20401,MATH20411"
Elasticity and Viscous Fluid Dynamics,MATH35020,https://assets-dev.manchester.ac.uk/cpip/phase-2/ug/2026/unit/?unitcode=MATH35020,20,Optional,3,Full year,,False,"This course unit discusses some elements of elasticity theory and viscous fluid flows, which are essential building blocks in continuum mechanics. Initially we start with analysis of stress and strain and look at constitutive relations and examine the differences between solids and fluids. We then concentrate on the linearised theory of elasticity. A typical problem of the subject is as follows: Suppose an elastic body (e.g. an underground oil pipe) is subjected to some loading on its outer surface. What is the stress distribution which is generated throughout the body? Does this stress distribution have unexpectedly large values which might lead to failure? The subject is developed, and particular problems solved, from a mathematical standpoint. In the second half of the course, we continue the discussion of stresses and strains but now focussing on how they impact viscous fluid flow. We first derive the governing nonlinear equations – the Navier-Stokes equations using conservation principles. We then go on to study a number of exact solutions such as the flow in a pipe or channel, flow between rotating cylinders. Finally we look at asymptotic approaches to solving flows at small and large Reynolds numbers.",,,"PHYS20171,MATH24420,MATH20401"
Mathematical Biology,MATH35031,https://assets-dev.manchester.ac.uk/cpip/phase-2/ug/2026/unit/?unitcode=MATH35031,10,Optional,3,Semester 1,Department of Mathematics,False,"The life sciences are arguably the greatest scientific adventure of the age. Over the last few decades a series of revolutions in experimental technique have made it possible to ask very detailed questions about how life works, ranging from the smallest, sub-cellular scales up through the organisation of tissues and the functioning of the brain and, on the very largest scales, the evolution of species and ecosystems. Mathematics has so far played a small, but honourable part in this development, especially by providing simple models designed to illuminate principles and test broad hypotheses.   The mathematics required for biology is not generally all that hard or deep (though there are exceptions: some of the most exciting recent work in phylogenetics requires tools from algebraic geometry), but as the sketches above suggest the range of tools is extremely broad. The point is that modern mathematical biology is genuinely applied maths: its techniques are chosen to suit the biological problems, not the traditional disciplinary subdivisions. Although some previous acquaintance with graph theory and probability would be helpful, this course is meant to be self-contained and will only assume knowledge of differential equations.",,,"MATH11022,MATH11411,MATH11711,MATH11422,MATH11412,PHYS10280"
Methods of Applied Mathematics,MATH35041,https://assets-dev.manchester.ac.uk/cpip/phase-2/ug/2026/unit/?unitcode=MATH35041,20,Optional,3,Semester 1,,False,"This course unit provides students with the methodology to study problems which arise in applied mathematics.  Often, the analytical solution to such a problem involves approximation in terms of a small parameter. We consider asymptotic expansions, such that the error made is controlled.",,,"MATH11422,MATH11412,MATH24420,PHYS20171,MATH10222,MATH10232,MATH20401"
Mathematics of a Finite Planet,MATH35062,https://assets-dev.manchester.ac.uk/cpip/phase-2/ug/2026/unit/?unitcode=MATH35062,10,Optional,3,Semester 2,Department of Mathematics,False,"The unit aims to: introduce students to the challenges created by finite resources and changes in the planetary environment due to human activity. Students will cover a variety of topics, both environmental and societal, developing mathematical analysis and interpreting this analysis in the light of the challenges. They will also be introduced to policy decision making and the assessment of political and ethical issues raised by proposed policies.",,,"MATH24420,PHYS20171,MATH20401,MATH20411"
Numerical Analysis 2,MATH36022,https://assets-dev.manchester.ac.uk/cpip/phase-2/ug/2026/unit/?unitcode=MATH36022,10,Optional,3,Semester 2,Department of Mathematics,False,"This module introduces numerical methods for approximating functions and data, evaluating integrals and solving ordinary differential equations. It continues the introduction to numerical analysis begun in MATH20602. It provides theoretical analysis of the problems along with algorithms for their solution. Insight into the algorithms will be given through MATLAB illustrations, but the course does not require any programming.",,,MATH24411
Problem Solving by Computer,MATH36031,https://assets-dev.manchester.ac.uk/cpip/phase-2/ug/2026/unit/?unitcode=MATH36031,10,Optional,3,Semester 1,,False,"This module is concerned with using a modern computer software package for solving mathematical problems and hence it involves a reasonable amount of computer programming. The student will be given a thorough introduction to the capabilities of the state of the art software package MATLAB, covering numeric, symbolic (with the Symbolic Math Toolbox) and graphical features. Although MATLAB is the chosen course software, the emphasis will be given to principles that are not specific to any particular package. Basic principles of technical writing will also be taught, and the student will apply these to the written projects, which must be produced using a wordprocessing/typesetting package.",,,
Mathematics and Applications of Machine Learning,MATH36160,https://assets-dev.manchester.ac.uk/cpip/phase-2/ug/2026/unit/?unitcode=MATH36160,20,Optional,3,Full year,,False,"Machine learning and artificial intelligence have become a cornerstone of our everyday life. We have self-driving cars on our streets, use large language models to turn ideas into text, and converse with our digital assistant using voice recognition. In this module, we will step into the world of modern machine learning. We begin with an analytical treatment of supervised learning problems from an approximation theoretic viewpoint. We especially study linear and polynomial regression, as well as k-nearest neighbour and support vector machine classification. Based on the Bayesian formulation of classification and as a generalisation of logistic regression, we then introduce and discuss deep neural networks, also with respect to their properties as function approximators. As a training methodology, we introduce gradient descent and stochastic gradient descent algorithms. The first part of the course finishes with a discussion of unsupervised techniques, especially Gaussian mixture models and k-means.   The second part of the course starts with a broad introduction to the predictive modelling pipeline, beginning with in-memory data structures (such as Pandas DataFrames), basic data exploration and cleansing. The focus will then move to model selection, hyperparameter tuning, and model evaluation using the functionality embedded in the open source scikit-learn training software library. Hands-on coding experience will involve linear, polynomial, and logistic regression, k-nearest neighbours, decision trees, as well as different clustering techniques. Whenever possible, students will learn to code simple Python implementations of these methods from scratch to gain a deep algorithmic understanding of these techniques and critically question model outputs – especially with respect to the theory studied in the first part. The lecture material will be complemented with exercises and coding assessments.",,,"MATH24411,PHYS20161,MATH20621,COMP16321"
Martingales with Applications to Finance,MATH37002,https://assets-dev.manchester.ac.uk/cpip/phase-2/ug/2026/unit/?unitcode=MATH37002,10,Optional,3,Semester 2,Department of Mathematics,False,"An introduction to a circle of ideas and fundamental results of the theory of martingales, which play a vital role in stochastic calculus and in the modern theory of finance.",,,"MATH27720,MATH20701"
Markov Processes,MATH37011,https://assets-dev.manchester.ac.uk/cpip/phase-2/ug/2026/unit/?unitcode=MATH37011,10,Optional,3,Semester 1,Department of Mathematics,False,"Markov chains are stochastic processes with the special property of ""given the present, the future is independent of the past"". Many real-life situations can be modelled by such processes and this course is concerned with their mathematical analysis. It by-passes the measure-theoretic considerations necessary for the development of a general theory of stochastic processes.",,,"MATH27720,MATH20701"
Foundations of Modern Probability,MATH37021,https://assets-dev.manchester.ac.uk/cpip/phase-2/ug/2026/unit/?unitcode=MATH37021,10,Optional,3,Semester 1,,False,"The Law of Large Numbers (LLN) and the Central Limit Theorem (CLT) are two most important/ fundamental results in classical and modern probability theory with numerous applications.   Extending the intuitive understanding and partial proofs developed in Probability 1 & 2, the unit builds on methods from mathematical analysis to cultivate a rigorous understanding and derive complete proofs of fundamental results in probability theory, focusing in particular on the LLN and the CLT.",,,"MATH11121,MATH27720,MATH20101,MATH20701"
Time Series Analysis,MATH38032,https://assets-dev.manchester.ac.uk/cpip/phase-2/ug/2026/unit/?unitcode=MATH38032,10,Optional,3,Semester 2,Department of Mathematics,False,This course unit covers a variety of concepts and models useful for empirical analysis of time series data.,,,"MATH27720,MATH27711"
Medical Statistics,MATH38072,https://assets-dev.manchester.ac.uk/cpip/phase-2/ug/2026/unit/?unitcode=MATH38072,10,Optional,3,Semester 2,"Division of Population Health, Health Services Res",False,"Randomised controlled trials are planned experimental studies on human subjects designed to assess the benefit of medical treatments. Other important areas of application of statistical methods in medical research are epidemiological studies, which investigate the possible causes of disease from observational data, diagnostic studies, which methods of disease diagnosis and meta-analysis, which considers combining information from multiple studies. Many of the major developments in modern statistics have been motivated by problems in medical research. Whilst briefly outlining other areas of application in medical research, the lecture course will introduce the statistical issue associated design and analysis of randomised controlled trials and in meta-analyses.",,,MATH27720
Multivariate Statistics and Machine Learning,MATH38161,https://assets-dev.manchester.ac.uk/cpip/phase-2/ug/2026/unit/?unitcode=MATH38161,10,Optional,3,Semester 1,Department of Mathematics,False,"Multivariate statistical models and methods are essential for analysing complex-structured and possibly high-dimensional data from any areas of science and industry, ranging from biology and medicine, and genetics to finance and sociology. Multivariate statistics also provides the foundation of many machine learning algorithms. In the first part of this module covers the foundations of multivariate data analysis, e.g., multivariate random variables, covariance and correlation, and multivariate regression. In addition, related approaches such dimension reduction and latent variable models are discussed. The second part of the course is concerned with multivariate approaches for statistical learning in supervised and unsupervised settings, including techniques from machine learning, and their application in pattern recognition, classification, and high-dimensional data analysis.",,,MATH27720
Generalised Linear Models,MATH38171,https://assets-dev.manchester.ac.uk/cpip/phase-2/ug/2026/unit/?unitcode=MATH38171,20,Optional,3,Semester 1,Department of Mathematics,False,"As an important modelling strategy Linear Models is concerned with investigating whether, and how, one or more so-called explanatory variables, such as age, sex, blood pressure, etc., influence a response variable, such as a patient's diagnosis, by taking random variations of data into account. In Linear Models, linear regression technique and Normal distribution are used to explore the possible linear relation between a continuous response and one or more explanatory variables. In this course unit we depart from linearity and normality, the very strict limitation in Linear Models. We study the extension of linearity to non-linearity and normality to a commonly encountered distribution family, called the exponential family of distributions. This extension forms Generalized Linear Models (GLM). The GLM, on the one hand, unifies linear and non-linear models in terms of statistical modelling. On the other hand, it can be used to analyze discrete data, including binary, binomial, counted and categorical data that arise very often in biomedical and industrial applications.",,,"MATH11022,MATH27720,MATH27711,MATH10202,MATH10212,MATH20701,MATH20802"
Mathematical Modelling in Finance,MATH39032,https://assets-dev.manchester.ac.uk/cpip/phase-2/ug/2026/unit/?unitcode=MATH39032,10,Optional,3,Semester 2,,False,"This course unit is primarily concerned with the valuation of financial instruments known as derivatives. To achieve this, a mathematical model is developed and then solved for different types of problems. It is assumed that students will be familiar with financial terms, stochastic differential equations, and partial differential equations. It is shown that mathematical methods developed to solve Partial Differential Equations can be powerful tools in solving financial problems once suitable models have been devised.",,,"MATH20912,MATH24420,PHYS20171,MATH20401,MATH20411"
Enterprise Management for Computer Scientists,MCEL30031,https://assets-dev.manchester.ac.uk/cpip/phase-2/ug/2026/unit/?unitcode=MCEL30031,10,Optional,3,Variable teaching patterns,,False,The unit enables students to critically analyse a range of issues that business managers face using a range of business tools and techniques.  The tools are explained in lectures and students are then encouraged to apply them in separate case study sessions.  Analysis often reveals a number of conflicting factors and students are required to make judgements based on evidence that justifies their decisions.,,,
Managing Finance in Enterprises for Computer Scientists,MCEL30032,https://assets-dev.manchester.ac.uk/cpip/phase-2/ug/2026/unit/?unitcode=MCEL30032,10,Optional,3,Semester 2,Alliance Manchester Business School,False,"The unit aims to: 1. Allow students to understand and develop the necessary skills to produce a proposal to support a major project within an organisation or a business plan for a new start-up. 2. Introduce essential business finance and business risk management tools. 3. To explore resources required to form, develop and grow a business or a product line within a business. 4. To encourage students to think entrepreneurially as an essential component of their personal development.",,,
